-- MySQL dump 10.17  Distrib 10.3.22-MariaDB, for debian-linux-gnu (x86_64)
--
-- Host: 192.168.1.12    Database: active_atlas_development
-- ------------------------------------------------------
-- Server version	5.7.27-log

/*!40101 SET @OLD_CHARACTER_SET_CLIENT=@@CHARACTER_SET_CLIENT */;
/*!40101 SET @OLD_CHARACTER_SET_RESULTS=@@CHARACTER_SET_RESULTS */;
/*!40101 SET @OLD_COLLATION_CONNECTION=@@COLLATION_CONNECTION */;
/*!40101 SET NAMES utf8mb4 */;
/*!40103 SET @OLD_TIME_ZONE=@@TIME_ZONE */;
/*!40103 SET TIME_ZONE='+00:00' */;
/*!40014 SET @OLD_UNIQUE_CHECKS=@@UNIQUE_CHECKS, UNIQUE_CHECKS=0 */;
/*!40014 SET @OLD_FOREIGN_KEY_CHECKS=@@FOREIGN_KEY_CHECKS, FOREIGN_KEY_CHECKS=0 */;
/*!40101 SET @OLD_SQL_MODE=@@SQL_MODE, SQL_MODE='NO_AUTO_VALUE_ON_ZERO' */;
/*!40111 SET @OLD_SQL_NOTES=@@SQL_NOTES, SQL_NOTES=0 */;

--
-- Table structure for table `animal`
--

DROP TABLE IF EXISTS `animal`;
/*!40101 SET @saved_cs_client     = @@character_set_client */;
/*!40101 SET character_set_client = utf8 */;
CREATE TABLE `animal` (
  `prep_id` varchar(20) NOT NULL COMMENT 'Name for lab mouse/rat, max 20 chars',
  `performance_center` enum('CSHL','Salk','UCSD','HHMI','Duke') DEFAULT NULL,
  `date_of_birth` date DEFAULT NULL COMMENT 'the mouse''s date of birth',
  `species` enum('mouse','rat') DEFAULT NULL,
  `strain` varchar(50) DEFAULT NULL,
  `sex` enum('M','F') DEFAULT NULL COMMENT '(M/F) either ''M'' for male, ''F'' for female',
  `genotype` varchar(100) DEFAULT NULL COMMENT 'transgenic description, usually "C57"; We will need a genotype table',
  `breeder_line` varchar(100) DEFAULT NULL COMMENT 'We will need a local breeding table',
  `vender` enum('Jackson','Charles River','Harlan','NIH','Taconic') DEFAULT NULL,
  `stock_number` varchar(100) DEFAULT NULL COMMENT 'if not from a performance center',
  `tissue_source` enum('animal','brain','slides') DEFAULT NULL,
  `ship_date` date DEFAULT NULL,
  `shipper` enum('FedEx','UPS') DEFAULT NULL,
  `tracking_number` varchar(100) DEFAULT NULL,
  `aliases_1` varchar(100) DEFAULT NULL COMMENT 'names given by others',
  `aliases_2` varchar(100) DEFAULT NULL,
  `aliases_3` varchar(100) DEFAULT NULL,
  `aliases_4` varchar(100) DEFAULT NULL,
  `aliases_5` varchar(100) DEFAULT NULL,
  `comments` varchar(2001) DEFAULT NULL COMMENT 'assessment',
  `active` tinyint(4) NOT NULL DEFAULT '1',
  `created` timestamp NULL DEFAULT CURRENT_TIMESTAMP,
  PRIMARY KEY (`prep_id`)
) ENGINE=InnoDB DEFAULT CHARSET=latin1;
/*!40101 SET character_set_client = @saved_cs_client */;

--
-- Dumping data for table `animal`
--

LOCK TABLES `animal` WRITE;
/*!40000 ALTER TABLE `animal` DISABLE KEYS */;
INSERT INTO `animal` VALUES ('DK39','Duke','2019-09-25','mouse',NULL,'M',NULL,NULL,'Jackson','664','brain','2019-11-19','FedEx','7770 2132 5700','Genio2',NULL,NULL,NULL,NULL,NULL,0,'2020-02-18 21:49:30'),('DK43','Duke','2019-09-24','mouse','C57BL/6J','M',NULL,NULL,'Jackson','664','brain','2019-11-19','FedEx','7770 2132 5700','MAS1',NULL,NULL,NULL,NULL,NULL,0,'2020-02-18 21:49:30');
/*!40000 ALTER TABLE `animal` ENABLE KEYS */;
UNLOCK TABLES;

--
-- Table structure for table `auth_group`
--

DROP TABLE IF EXISTS `auth_group`;
/*!40101 SET @saved_cs_client     = @@character_set_client */;
/*!40101 SET character_set_client = utf8 */;
CREATE TABLE `auth_group` (
  `id` int(11) NOT NULL AUTO_INCREMENT,
  `name` varchar(150) NOT NULL,
  PRIMARY KEY (`id`),
  UNIQUE KEY `name` (`name`)
) ENGINE=InnoDB DEFAULT CHARSET=utf8;
/*!40101 SET character_set_client = @saved_cs_client */;

--
-- Dumping data for table `auth_group`
--

LOCK TABLES `auth_group` WRITE;
/*!40000 ALTER TABLE `auth_group` DISABLE KEYS */;
/*!40000 ALTER TABLE `auth_group` ENABLE KEYS */;
UNLOCK TABLES;

--
-- Table structure for table `auth_group_permissions`
--

DROP TABLE IF EXISTS `auth_group_permissions`;
/*!40101 SET @saved_cs_client     = @@character_set_client */;
/*!40101 SET character_set_client = utf8 */;
CREATE TABLE `auth_group_permissions` (
  `id` int(11) NOT NULL AUTO_INCREMENT,
  `group_id` int(11) NOT NULL,
  `permission_id` int(11) NOT NULL,
  PRIMARY KEY (`id`),
  UNIQUE KEY `auth_group_permissions_group_id_permission_id_0cd325b0_uniq` (`group_id`,`permission_id`),
  KEY `auth_group_permissio_permission_id_84c5c92e_fk_auth_perm` (`permission_id`),
  CONSTRAINT `auth_group_permissio_permission_id_84c5c92e_fk_auth_perm` FOREIGN KEY (`permission_id`) REFERENCES `auth_permission` (`id`),
  CONSTRAINT `auth_group_permissions_group_id_b120cbf9_fk_auth_group_id` FOREIGN KEY (`group_id`) REFERENCES `auth_group` (`id`)
) ENGINE=InnoDB DEFAULT CHARSET=utf8;
/*!40101 SET character_set_client = @saved_cs_client */;

--
-- Dumping data for table `auth_group_permissions`
--

LOCK TABLES `auth_group_permissions` WRITE;
/*!40000 ALTER TABLE `auth_group_permissions` DISABLE KEYS */;
/*!40000 ALTER TABLE `auth_group_permissions` ENABLE KEYS */;
UNLOCK TABLES;

--
-- Table structure for table `auth_permission`
--

DROP TABLE IF EXISTS `auth_permission`;
/*!40101 SET @saved_cs_client     = @@character_set_client */;
/*!40101 SET character_set_client = utf8 */;
CREATE TABLE `auth_permission` (
  `id` int(11) NOT NULL AUTO_INCREMENT,
  `name` varchar(255) NOT NULL,
  `content_type_id` int(11) NOT NULL,
  `codename` varchar(100) NOT NULL,
  PRIMARY KEY (`id`),
  UNIQUE KEY `auth_permission_content_type_id_codename_01ab375a_uniq` (`content_type_id`,`codename`),
  CONSTRAINT `auth_permission_content_type_id_2f476e4b_fk_django_co` FOREIGN KEY (`content_type_id`) REFERENCES `django_content_type` (`id`)
) ENGINE=InnoDB AUTO_INCREMENT=69 DEFAULT CHARSET=utf8;
/*!40101 SET character_set_client = @saved_cs_client */;

--
-- Dumping data for table `auth_permission`
--

LOCK TABLES `auth_permission` WRITE;
/*!40000 ALTER TABLE `auth_permission` DISABLE KEYS */;
INSERT INTO `auth_permission` VALUES (1,'Can add log entry',1,'add_logentry'),(2,'Can change log entry',1,'change_logentry'),(3,'Can delete log entry',1,'delete_logentry'),(4,'Can view log entry',1,'view_logentry'),(5,'Can add permission',2,'add_permission'),(6,'Can change permission',2,'change_permission'),(7,'Can delete permission',2,'delete_permission'),(8,'Can view permission',2,'view_permission'),(9,'Can add group',3,'add_group'),(10,'Can change group',3,'change_group'),(11,'Can delete group',3,'delete_group'),(12,'Can view group',3,'view_group'),(13,'Can add user',4,'add_user'),(14,'Can change user',4,'change_user'),(15,'Can delete user',4,'delete_user'),(16,'Can view user',4,'view_user'),(17,'Can add content type',5,'add_contenttype'),(18,'Can change content type',5,'change_contenttype'),(19,'Can delete content type',5,'delete_contenttype'),(20,'Can view content type',5,'view_contenttype'),(21,'Can add session',6,'add_session'),(22,'Can change session',6,'change_session'),(23,'Can delete session',6,'delete_session'),(24,'Can view session',6,'view_session'),(25,'Can add Animal',7,'add_animal'),(26,'Can change Animal',7,'change_animal'),(27,'Can delete Animal',7,'delete_animal'),(28,'Can view Animal',7,'view_animal'),(29,'Can add File Operation',8,'add_fileoperation'),(30,'Can change File Operation',8,'change_fileoperation'),(31,'Can delete File Operation',8,'delete_fileoperation'),(32,'Can view File Operation',8,'view_fileoperation'),(33,'Can add Histology',9,'add_histology'),(34,'Can change Histology',9,'change_histology'),(35,'Can delete Histology',9,'delete_histology'),(36,'Can view Histology',9,'view_histology'),(37,'Can add Injection',10,'add_injection'),(38,'Can change Injection',10,'change_injection'),(39,'Can delete Injection',10,'delete_injection'),(40,'Can view Injection',10,'view_injection'),(41,'Can add Injection Virus',11,'add_injectionvirus'),(42,'Can change Injection Virus',11,'change_injectionvirus'),(43,'Can delete Injection Virus',11,'delete_injectionvirus'),(44,'Can view Injection Virus',11,'view_injectionvirus'),(45,'Can add organic label',12,'add_organiclabel'),(46,'Can change organic label',12,'change_organiclabel'),(47,'Can delete organic label',12,'delete_organiclabel'),(48,'Can view organic label',12,'view_organiclabel'),(49,'Can add row sequence',13,'add_rowsequence'),(50,'Can change row sequence',13,'change_rowsequence'),(51,'Can delete row sequence',13,'delete_rowsequence'),(52,'Can view row sequence',13,'view_rowsequence'),(53,'Can add scan run',14,'add_scanrun'),(54,'Can change scan run',14,'change_scanrun'),(55,'Can delete scan run',14,'delete_scanrun'),(56,'Can view scan run',14,'view_scanrun'),(57,'Can add slide',15,'add_slide'),(58,'Can change slide',15,'change_slide'),(59,'Can delete slide',15,'delete_slide'),(60,'Can view slide',15,'view_slide'),(61,'Can add slide czi to tif',16,'add_slideczitotif'),(62,'Can change slide czi to tif',16,'change_slideczitotif'),(63,'Can delete slide czi to tif',16,'delete_slideczitotif'),(64,'Can view slide czi to tif',16,'view_slideczitotif'),(65,'Can add Virus',17,'add_virus'),(66,'Can change Virus',17,'change_virus'),(67,'Can delete Virus',17,'delete_virus'),(68,'Can view Virus',17,'view_virus');
/*!40000 ALTER TABLE `auth_permission` ENABLE KEYS */;
UNLOCK TABLES;

--
-- Table structure for table `auth_user`
--

DROP TABLE IF EXISTS `auth_user`;
/*!40101 SET @saved_cs_client     = @@character_set_client */;
/*!40101 SET character_set_client = utf8 */;
CREATE TABLE `auth_user` (
  `id` int(11) NOT NULL AUTO_INCREMENT,
  `password` varchar(128) NOT NULL,
  `last_login` datetime(6) DEFAULT NULL,
  `is_superuser` tinyint(1) NOT NULL,
  `username` varchar(150) NOT NULL,
  `first_name` varchar(30) NOT NULL,
  `last_name` varchar(150) NOT NULL,
  `email` varchar(254) NOT NULL,
  `is_staff` tinyint(1) NOT NULL,
  `is_active` tinyint(1) NOT NULL,
  `date_joined` datetime(6) NOT NULL,
  PRIMARY KEY (`id`),
  UNIQUE KEY `username` (`username`)
) ENGINE=InnoDB AUTO_INCREMENT=2 DEFAULT CHARSET=utf8;
/*!40101 SET character_set_client = @saved_cs_client */;

--
-- Dumping data for table `auth_user`
--

LOCK TABLES `auth_user` WRITE;
/*!40000 ALTER TABLE `auth_user` DISABLE KEYS */;
INSERT INTO `auth_user` VALUES (1,'pbkdf2_sha256$180000$v12KVfSVbpJ0$KfSduov1aNu8SWk4O9SlYe8Pv/iAo33J/CT7putKV64=','2020-03-01 14:51:42.074733',1,'edward','','','eodonnell@ucsd.edu',1,1,'2020-02-29 17:01:05.300150');
/*!40000 ALTER TABLE `auth_user` ENABLE KEYS */;
UNLOCK TABLES;

--
-- Table structure for table `auth_user_groups`
--

DROP TABLE IF EXISTS `auth_user_groups`;
/*!40101 SET @saved_cs_client     = @@character_set_client */;
/*!40101 SET character_set_client = utf8 */;
CREATE TABLE `auth_user_groups` (
  `id` int(11) NOT NULL AUTO_INCREMENT,
  `user_id` int(11) NOT NULL,
  `group_id` int(11) NOT NULL,
  PRIMARY KEY (`id`),
  UNIQUE KEY `auth_user_groups_user_id_group_id_94350c0c_uniq` (`user_id`,`group_id`),
  KEY `auth_user_groups_group_id_97559544_fk_auth_group_id` (`group_id`),
  CONSTRAINT `auth_user_groups_group_id_97559544_fk_auth_group_id` FOREIGN KEY (`group_id`) REFERENCES `auth_group` (`id`),
  CONSTRAINT `auth_user_groups_user_id_6a12ed8b_fk_auth_user_id` FOREIGN KEY (`user_id`) REFERENCES `auth_user` (`id`)
) ENGINE=InnoDB DEFAULT CHARSET=utf8;
/*!40101 SET character_set_client = @saved_cs_client */;

--
-- Dumping data for table `auth_user_groups`
--

LOCK TABLES `auth_user_groups` WRITE;
/*!40000 ALTER TABLE `auth_user_groups` DISABLE KEYS */;
/*!40000 ALTER TABLE `auth_user_groups` ENABLE KEYS */;
UNLOCK TABLES;

--
-- Table structure for table `auth_user_user_permissions`
--

DROP TABLE IF EXISTS `auth_user_user_permissions`;
/*!40101 SET @saved_cs_client     = @@character_set_client */;
/*!40101 SET character_set_client = utf8 */;
CREATE TABLE `auth_user_user_permissions` (
  `id` int(11) NOT NULL AUTO_INCREMENT,
  `user_id` int(11) NOT NULL,
  `permission_id` int(11) NOT NULL,
  PRIMARY KEY (`id`),
  UNIQUE KEY `auth_user_user_permissions_user_id_permission_id_14a6b632_uniq` (`user_id`,`permission_id`),
  KEY `auth_user_user_permi_permission_id_1fbb5f2c_fk_auth_perm` (`permission_id`),
  CONSTRAINT `auth_user_user_permi_permission_id_1fbb5f2c_fk_auth_perm` FOREIGN KEY (`permission_id`) REFERENCES `auth_permission` (`id`),
  CONSTRAINT `auth_user_user_permissions_user_id_a95ead1b_fk_auth_user_id` FOREIGN KEY (`user_id`) REFERENCES `auth_user` (`id`)
) ENGINE=InnoDB DEFAULT CHARSET=utf8;
/*!40101 SET character_set_client = @saved_cs_client */;

--
-- Dumping data for table `auth_user_user_permissions`
--

LOCK TABLES `auth_user_user_permissions` WRITE;
/*!40000 ALTER TABLE `auth_user_user_permissions` DISABLE KEYS */;
/*!40000 ALTER TABLE `auth_user_user_permissions` ENABLE KEYS */;
UNLOCK TABLES;

--
-- Table structure for table `django_admin_log`
--

DROP TABLE IF EXISTS `django_admin_log`;
/*!40101 SET @saved_cs_client     = @@character_set_client */;
/*!40101 SET character_set_client = utf8 */;
CREATE TABLE `django_admin_log` (
  `id` int(11) NOT NULL AUTO_INCREMENT,
  `action_time` datetime(6) NOT NULL,
  `object_id` longtext,
  `object_repr` varchar(200) NOT NULL,
  `action_flag` smallint(5) unsigned NOT NULL,
  `change_message` longtext NOT NULL,
  `content_type_id` int(11) DEFAULT NULL,
  `user_id` int(11) NOT NULL,
  PRIMARY KEY (`id`),
  KEY `django_admin_log_content_type_id_c4bce8eb_fk_django_co` (`content_type_id`),
  KEY `django_admin_log_user_id_c564eba6_fk_auth_user_id` (`user_id`),
  CONSTRAINT `django_admin_log_content_type_id_c4bce8eb_fk_django_co` FOREIGN KEY (`content_type_id`) REFERENCES `django_content_type` (`id`),
  CONSTRAINT `django_admin_log_user_id_c564eba6_fk_auth_user_id` FOREIGN KEY (`user_id`) REFERENCES `auth_user` (`id`)
) ENGINE=InnoDB AUTO_INCREMENT=8 DEFAULT CHARSET=utf8;
/*!40101 SET character_set_client = @saved_cs_client */;

--
-- Dumping data for table `django_admin_log`
--

LOCK TABLES `django_admin_log` WRITE;
/*!40000 ALTER TABLE `django_admin_log` DISABLE KEYS */;
INSERT INTO `django_admin_log` VALUES (1,'2020-02-29 18:28:20.202490','DK39','Animal object (DK39)',2,'[{\"changed\": {\"fields\": [\"Strain\"]}}]',18,1),(2,'2020-02-29 18:48:59.544174','7','Injection object (7)',2,'[{\"changed\": {\"fields\": [\"Created\"]}}]',19,1),(3,'2020-02-29 19:22:38.744221','7','InjectionVirus object (7)',1,'[{\"added\": {}}]',21,1),(4,'2020-02-29 21:27:23.213303','joe','Animal object (joe)',1,'[{\"added\": {}}]',18,1),(5,'2020-02-29 21:29:25.010512','me','Animal object (me)',1,'[{\"added\": {}}]',18,1),(6,'2020-03-01 17:12:15.183050','joe','Animal object (joe)',3,'',18,1),(7,'2020-03-01 17:12:15.207851','me','Animal object (me)',3,'',18,1);
/*!40000 ALTER TABLE `django_admin_log` ENABLE KEYS */;
UNLOCK TABLES;

--
-- Table structure for table `django_content_type`
--

DROP TABLE IF EXISTS `django_content_type`;
/*!40101 SET @saved_cs_client     = @@character_set_client */;
/*!40101 SET character_set_client = utf8 */;
CREATE TABLE `django_content_type` (
  `id` int(11) NOT NULL AUTO_INCREMENT,
  `app_label` varchar(100) NOT NULL,
  `model` varchar(100) NOT NULL,
  PRIMARY KEY (`id`),
  UNIQUE KEY `django_content_type_app_label_model_76bd3d3b_uniq` (`app_label`,`model`)
) ENGINE=InnoDB AUTO_INCREMENT=27 DEFAULT CHARSET=utf8;
/*!40101 SET character_set_client = @saved_cs_client */;

--
-- Dumping data for table `django_content_type`
--

LOCK TABLES `django_content_type` WRITE;
/*!40000 ALTER TABLE `django_content_type` DISABLE KEYS */;
INSERT INTO `django_content_type` VALUES (7,'activebrainatlas','animal'),(8,'activebrainatlas','fileoperation'),(9,'activebrainatlas','histology'),(10,'activebrainatlas','injection'),(11,'activebrainatlas','injectionvirus'),(12,'activebrainatlas','organiclabel'),(13,'activebrainatlas','rowsequence'),(14,'activebrainatlas','scanrun'),(15,'activebrainatlas','slide'),(16,'activebrainatlas','slideczitotif'),(17,'activebrainatlas','virus'),(1,'admin','logentry'),(3,'auth','group'),(2,'auth','permission'),(4,'auth','user'),(18,'brain','animal'),(23,'brain','histology'),(19,'brain','injection'),(21,'brain','injectionvirus'),(24,'brain','organiclabel'),(22,'brain','scanrun'),(20,'brain','slide'),(26,'brain','slideczitotif'),(25,'brain','virus'),(5,'contenttypes','contenttype'),(6,'sessions','session');
/*!40000 ALTER TABLE `django_content_type` ENABLE KEYS */;
UNLOCK TABLES;

--
-- Table structure for table `django_migrations`
--

DROP TABLE IF EXISTS `django_migrations`;
/*!40101 SET @saved_cs_client     = @@character_set_client */;
/*!40101 SET character_set_client = utf8 */;
CREATE TABLE `django_migrations` (
  `id` int(11) NOT NULL AUTO_INCREMENT,
  `app` varchar(255) NOT NULL,
  `name` varchar(255) NOT NULL,
  `applied` datetime(6) NOT NULL,
  PRIMARY KEY (`id`)
) ENGINE=InnoDB AUTO_INCREMENT=18 DEFAULT CHARSET=utf8;
/*!40101 SET character_set_client = @saved_cs_client */;

--
-- Dumping data for table `django_migrations`
--

LOCK TABLES `django_migrations` WRITE;
/*!40000 ALTER TABLE `django_migrations` DISABLE KEYS */;
INSERT INTO `django_migrations` VALUES (1,'contenttypes','0001_initial','2020-02-29 16:53:55.883109'),(2,'auth','0001_initial','2020-02-29 16:53:57.157724'),(3,'admin','0001_initial','2020-02-29 16:53:59.646881'),(4,'admin','0002_logentry_remove_auto_add','2020-02-29 16:54:00.201286'),(5,'admin','0003_logentry_add_action_flag_choices','2020-02-29 16:54:00.241369'),(6,'contenttypes','0002_remove_content_type_name','2020-02-29 16:54:00.712247'),(7,'auth','0002_alter_permission_name_max_length','2020-02-29 16:54:01.012885'),(8,'auth','0003_alter_user_email_max_length','2020-02-29 16:54:01.359599'),(9,'auth','0004_alter_user_username_opts','2020-02-29 16:54:01.411090'),(10,'auth','0005_alter_user_last_login_null','2020-02-29 16:54:01.654269'),(11,'auth','0006_require_contenttypes_0002','2020-02-29 16:54:01.681018'),(12,'auth','0007_alter_validators_add_error_messages','2020-02-29 16:54:01.732986'),(13,'auth','0008_alter_user_username_max_length','2020-02-29 16:54:02.031996'),(14,'auth','0009_alter_user_last_name_max_length','2020-02-29 16:54:02.352356'),(15,'auth','0010_alter_group_name_max_length','2020-02-29 16:54:02.640932'),(16,'auth','0011_update_proxy_permissions','2020-02-29 16:54:02.702815'),(17,'sessions','0001_initial','2020-02-29 16:54:02.862962');
/*!40000 ALTER TABLE `django_migrations` ENABLE KEYS */;
UNLOCK TABLES;

--
-- Table structure for table `django_session`
--

DROP TABLE IF EXISTS `django_session`;
/*!40101 SET @saved_cs_client     = @@character_set_client */;
/*!40101 SET character_set_client = utf8 */;
CREATE TABLE `django_session` (
  `session_key` varchar(40) NOT NULL,
  `session_data` longtext NOT NULL,
  `expire_date` datetime(6) NOT NULL,
  PRIMARY KEY (`session_key`),
  KEY `django_session_expire_date_a5c62663` (`expire_date`)
) ENGINE=InnoDB DEFAULT CHARSET=utf8;
/*!40101 SET character_set_client = @saved_cs_client */;

--
-- Dumping data for table `django_session`
--

LOCK TABLES `django_session` WRITE;
/*!40000 ALTER TABLE `django_session` DISABLE KEYS */;
INSERT INTO `django_session` VALUES ('hv1366vcxnklbqm23vk9zy0144ygqq1j','NTc0MWJjNDE5ZjQ3MjIyZDhjODY1ZGQzYmI2ZjU2MjgxNzM2MzY2ODp7Il9hdXRoX3VzZXJfaWQiOiIxIiwiX2F1dGhfdXNlcl9iYWNrZW5kIjoiZGphbmdvLmNvbnRyaWIuYXV0aC5iYWNrZW5kcy5Nb2RlbEJhY2tlbmQiLCJfYXV0aF91c2VyX2hhc2giOiI3ZGE2NjNjMWJhOGNhOTdhMjFhYzE3YWJlNGFmYTk2NzdiNDQ5ZDZmIn0=','2020-03-15 14:51:42.096958');
/*!40000 ALTER TABLE `django_session` ENABLE KEYS */;
UNLOCK TABLES;

--
-- Table structure for table `file_operation`
--

DROP TABLE IF EXISTS `file_operation`;
/*!40101 SET @saved_cs_client     = @@character_set_client */;
/*!40101 SET character_set_client = utf8 */;
CREATE TABLE `file_operation` (
  `id` int(11) NOT NULL AUTO_INCREMENT,
  `tif_id` int(11) NOT NULL,
  `operation` varchar(200) NOT NULL,
  `created` timestamp NULL DEFAULT CURRENT_TIMESTAMP,
  `file_size` float NOT NULL DEFAULT '0',
  `active` tinyint(4) NOT NULL DEFAULT '1',
  PRIMARY KEY (`id`),
  KEY `K__tif_id` (`tif_id`),
  CONSTRAINT `FK__FP_tif_id` FOREIGN KEY (`tif_id`) REFERENCES `slide_czi_to_tif` (`id`) ON UPDATE CASCADE
) ENGINE=InnoDB DEFAULT CHARSET=latin1;
/*!40101 SET character_set_client = @saved_cs_client */;

--
-- Dumping data for table `file_operation`
--

LOCK TABLES `file_operation` WRITE;
/*!40000 ALTER TABLE `file_operation` DISABLE KEYS */;
/*!40000 ALTER TABLE `file_operation` ENABLE KEYS */;
UNLOCK TABLES;

--
-- Table structure for table `histology`
--

DROP TABLE IF EXISTS `histology`;
/*!40101 SET @saved_cs_client     = @@character_set_client */;
/*!40101 SET character_set_client = utf8 */;
CREATE TABLE `histology` (
  `id` int(11) NOT NULL AUTO_INCREMENT,
  `prep_id` varchar(20) NOT NULL,
  `virus_id` int(11) DEFAULT NULL,
  `label_id` int(11) DEFAULT NULL,
  `performance_center` enum('CSHL','Salk','UCSD','HHMI') DEFAULT NULL COMMENT 'default population is from Injection',
  `anesthesia` enum('ketamine','isoflurane','pentobarbital','fatal plus') DEFAULT NULL,
  `perfusion_age_in_days` tinyint(3) unsigned NOT NULL DEFAULT '0',
  `perfusion_date` date DEFAULT NULL,
  `exsangination_method` enum('PBS','aCSF','Ringers') DEFAULT NULL,
  `fixative_method` enum('Para','Glut','Post fix') DEFAULT NULL,
  `special_perfusion_notes` varchar(200) DEFAULT NULL,
  `post_fixation_period` tinyint(3) unsigned NOT NULL DEFAULT '0' COMMENT '(days)',
  `whole_brain` enum('Y','N') DEFAULT NULL,
  `block` varchar(200) DEFAULT NULL COMMENT 'if applicable',
  `date_sectioned` date DEFAULT NULL,
  `sectioning_method` enum('cryoJane','cryostat','vibratome','optical','sliding microtiome') DEFAULT NULL,
  `section_thickness` tinyint(3) unsigned NOT NULL DEFAULT '20' COMMENT '(µm)',
  `orientation` enum('coronal','horizontal','sagittal','oblique') DEFAULT NULL,
  `oblique_notes` varchar(200) DEFAULT NULL,
  `mounting` enum('every section','2nd','3rd','4th','5ft','6th') DEFAULT NULL COMMENT 'used to automatically populate Placeholder',
  `counterstain` enum('thionon','NtB','NtFR','DAPI','Giemsa','Syto41') DEFAULT NULL COMMENT 'NtB = Neurotrace blue; NtFR = Neurotrace far red',
  `comments` varchar(2001) DEFAULT NULL COMMENT 'assessment',
  `created` timestamp NOT NULL DEFAULT CURRENT_TIMESTAMP,
  `active` tinyint(4) NOT NULL DEFAULT '1',
  PRIMARY KEY (`id`),
  KEY `K__histology_virus_id` (`virus_id`),
  KEY `K__histology_label_id` (`label_id`),
  KEY `K__histology_prep_id` (`prep_id`),
  CONSTRAINT `FK__histology_label_id` FOREIGN KEY (`label_id`) REFERENCES `organic_label` (`id`) ON UPDATE CASCADE,
  CONSTRAINT `FK__histology_prep_id` FOREIGN KEY (`prep_id`) REFERENCES `animal` (`prep_id`) ON UPDATE CASCADE,
  CONSTRAINT `FK__histology_virus_id` FOREIGN KEY (`virus_id`) REFERENCES `virus` (`id`) ON UPDATE CASCADE
) ENGINE=InnoDB DEFAULT CHARSET=latin1;
/*!40101 SET character_set_client = @saved_cs_client */;

--
-- Dumping data for table `histology`
--

LOCK TABLES `histology` WRITE;
/*!40000 ALTER TABLE `histology` DISABLE KEYS */;
/*!40000 ALTER TABLE `histology` ENABLE KEYS */;
UNLOCK TABLES;

--
-- Table structure for table `injection`
--

DROP TABLE IF EXISTS `injection`;
/*!40101 SET @saved_cs_client     = @@character_set_client */;
/*!40101 SET character_set_client = utf8 */;
CREATE TABLE `injection` (
  `id` int(11) NOT NULL AUTO_INCREMENT,
  `prep_id` varchar(200) NOT NULL,
  `label_id` int(11) DEFAULT NULL,
  `performance_center` enum('CSHL','Salk','UCSD','HHMI','Duke') DEFAULT NULL,
  `anesthesia` enum('ketamine','isoflurane') DEFAULT NULL,
  `method` enum('iontophoresis','pressure','volume') DEFAULT NULL,
  `injection_volume` float NOT NULL DEFAULT '0' COMMENT '(nL)',
  `pipet` enum('glass','quartz','Hamilton','syringe needle') DEFAULT NULL,
  `location` varchar(20) DEFAULT NULL COMMENT 'examples: muscle, brain region',
  `angle` varchar(20) DEFAULT NULL,
  `brain_location_dv` float NOT NULL DEFAULT '0' COMMENT '(mm) dorsal-ventral relative to Bregma',
  `brain_location_ml` float NOT NULL DEFAULT '0' COMMENT '(mm) medial-lateral relative to Bregma; check if positive',
  `brain_location_ap` float NOT NULL DEFAULT '0' COMMENT '(mm) anterior-posterior relative to Bregma',
  `injection_date` date DEFAULT NULL,
  `transport_days` int(11) NOT NULL DEFAULT '0',
  `virus_count` int(11) NOT NULL DEFAULT '0',
  `comments` varchar(2001) DEFAULT NULL COMMENT 'assessment',
  `created` timestamp NOT NULL DEFAULT CURRENT_TIMESTAMP,
  `active` tinyint(4) NOT NULL DEFAULT '1',
  PRIMARY KEY (`id`),
  KEY `K__label_id` (`label_id`),
  KEY `FK__injection_prep_id` (`prep_id`),
  CONSTRAINT `FK__injection_label_id` FOREIGN KEY (`label_id`) REFERENCES `organic_label` (`id`) ON UPDATE CASCADE,
  CONSTRAINT `FK__injection_prep_id` FOREIGN KEY (`prep_id`) REFERENCES `animal` (`prep_id`)
) ENGINE=InnoDB AUTO_INCREMENT=8 DEFAULT CHARSET=latin1;
/*!40101 SET character_set_client = @saved_cs_client */;

--
-- Dumping data for table `injection`
--

LOCK TABLES `injection` WRITE;
/*!40000 ALTER TABLE `injection` DISABLE KEYS */;
INSERT INTO `injection` VALUES (1,'DK39',NULL,'Duke','isoflurane','volume',1000,'glass','Genioglossus',NULL,0,0,0,'2019-10-09',39,0,'AAV2retro-CAG-Cre','2020-02-19 05:45:16',1),(2,'DK39',NULL,'Duke','isoflurane','volume',120,'glass','Brainstem','-20',-5.15,0,-5.8,'2019-10-28',20,0,'AAV2/8-CAG-Flex-TVA-mCherry. AAV2/8-CAG-Flex-oG 1:1 mixture','2020-02-19 05:45:16',1),(3,'DK39',NULL,'Duke','isoflurane','volume',250,'glass','Brainstem','-20',-5.15,0,-5.8,'2019-11-11',6,0,'CANE-dG-GFP (1:10 dilution)','2020-02-19 05:45:16',1),(4,'DK43',NULL,'Duke','isoflurane','volume',1000,'glass','Masseter',NULL,0,0,0,'2019-10-11',39,0,'AAV2retro-CAG-Cre','2020-02-19 05:45:16',1),(5,'DK43',NULL,'Duke','isoflurane','volume',120,'glass','Brainstem','-10',-4.6,1.27,-4.1,'2019-10-30',20,0,'AAV2/8-CAG-Flex-TVA-mCherry. AAV2/8-CAG-Flex-oG 1:1 mixture','2020-02-19 05:45:16',1),(6,'DK43',NULL,'Duke','isoflurane','volume',250,'glass','Brainstem','-10',-4.6,1.27,-4.1,'2019-11-13',6,0,'CANE-dG-GFP (1:10 dilution)','2020-02-19 05:45:16',1),(7,'DK39',NULL,'UCSD','ketamine','pressure',10,'glass','test','-20',0,0,0,'1906-04-19',2,0,'test','2020-03-01 02:48:54',1);
/*!40000 ALTER TABLE `injection` ENABLE KEYS */;
UNLOCK TABLES;

--
-- Table structure for table `injection_virus`
--

DROP TABLE IF EXISTS `injection_virus`;
/*!40101 SET @saved_cs_client     = @@character_set_client */;
/*!40101 SET character_set_client = utf8 */;
CREATE TABLE `injection_virus` (
  `id` int(11) NOT NULL AUTO_INCREMENT,
  `injection_id` int(11) NOT NULL,
  `virus_id` int(11) NOT NULL,
  `created` timestamp NOT NULL DEFAULT CURRENT_TIMESTAMP,
  `active` tinyint(4) NOT NULL DEFAULT '1',
  PRIMARY KEY (`id`),
  KEY `K__IV_injection_id` (`injection_id`),
  KEY `K__IV_virus_id` (`virus_id`),
  CONSTRAINT `FK__IV_injection_id` FOREIGN KEY (`injection_id`) REFERENCES `injection` (`id`) ON UPDATE CASCADE,
  CONSTRAINT `FK__IV_virus_id` FOREIGN KEY (`virus_id`) REFERENCES `virus` (`id`) ON UPDATE CASCADE
) ENGINE=InnoDB AUTO_INCREMENT=8 DEFAULT CHARSET=latin1;
/*!40101 SET character_set_client = @saved_cs_client */;

--
-- Dumping data for table `injection_virus`
--

LOCK TABLES `injection_virus` WRITE;
/*!40000 ALTER TABLE `injection_virus` DISABLE KEYS */;
INSERT INTO `injection_virus` VALUES (1,1,3,'2020-02-27 19:46:05',1),(2,2,2,'2020-02-27 19:46:21',1),(3,3,4,'2020-02-27 19:46:28',1),(4,4,3,'2020-02-27 19:46:31',1),(5,5,2,'2020-02-27 19:46:34',1),(6,6,4,'2020-02-27 19:46:37',1),(7,2,2,'2020-03-01 03:22:36',1);
/*!40000 ALTER TABLE `injection_virus` ENABLE KEYS */;
UNLOCK TABLES;

--
-- Table structure for table `organic_label`
--

DROP TABLE IF EXISTS `organic_label`;
/*!40101 SET @saved_cs_client     = @@character_set_client */;
/*!40101 SET character_set_client = utf8 */;
CREATE TABLE `organic_label` (
  `id` int(11) NOT NULL AUTO_INCREMENT,
  `label_id` varchar(20) NOT NULL,
  `label_type` enum('Cascade Blue','Chicago Blue','Alexa405','Alexa488','Alexa647','Cy2','Cy3','Cy5','Cy5.5','Cy7','Fluorescein','Rhodamine B','Rhodamine 6G','Texas Red','TMR') DEFAULT NULL,
  `type_lot_number` varchar(20) DEFAULT NULL,
  `type_tracer` enum('BDA','Dextran','FluoroGold','DiI','DiO') DEFAULT NULL,
  `type_details` varchar(500) DEFAULT NULL,
  `concentration` float NOT NULL DEFAULT '0' COMMENT '(µM) if applicable',
  `excitation_1p_wavelength` int(11) NOT NULL DEFAULT '0' COMMENT '(nm)',
  `excitation_1p_range` int(11) NOT NULL DEFAULT '0' COMMENT '(nm)',
  `excitation_2p_wavelength` int(11) NOT NULL DEFAULT '0' COMMENT '(nm)',
  `excitation_2p_range` int(11) NOT NULL DEFAULT '0' COMMENT '(nm)',
  `lp_dichroic_cut` int(11) NOT NULL DEFAULT '0' COMMENT '(nm)',
  `emission_wavelength` int(11) NOT NULL DEFAULT '0' COMMENT '(nm)',
  `emission_range` int(11) NOT NULL DEFAULT '0' COMMENT '(nm)',
  `label_source` enum('','Invitrogen','Sigma','Thermo-Fisher') DEFAULT NULL,
  `source_details` varchar(100) DEFAULT NULL,
  `comments` varchar(2000) DEFAULT NULL COMMENT 'assessment',
  `created` timestamp NOT NULL DEFAULT CURRENT_TIMESTAMP,
  `active` tinyint(4) NOT NULL DEFAULT '1',
  PRIMARY KEY (`id`)
) ENGINE=InnoDB DEFAULT CHARSET=latin1;
/*!40101 SET character_set_client = @saved_cs_client */;

--
-- Dumping data for table `organic_label`
--

LOCK TABLES `organic_label` WRITE;
/*!40000 ALTER TABLE `organic_label` DISABLE KEYS */;
/*!40000 ALTER TABLE `organic_label` ENABLE KEYS */;
UNLOCK TABLES;

--
-- Table structure for table `row_sequence`
--

DROP TABLE IF EXISTS `row_sequence`;
/*!40101 SET @saved_cs_client     = @@character_set_client */;
/*!40101 SET character_set_client = utf8 */;
CREATE TABLE `row_sequence` (
  `counter` bigint(26) NOT NULL DEFAULT '0'
) ENGINE=InnoDB DEFAULT CHARSET=latin1;
/*!40101 SET character_set_client = @saved_cs_client */;

--
-- Dumping data for table `row_sequence`
--

LOCK TABLES `row_sequence` WRITE;
/*!40000 ALTER TABLE `row_sequence` DISABLE KEYS */;
INSERT INTO `row_sequence` VALUES (1),(2),(3),(4),(5),(6),(7),(8),(9),(10),(11),(12),(13),(14),(15),(16),(17),(18),(19),(20),(21),(22),(23),(24),(25),(26),(27),(28),(29),(30),(31),(32),(33),(34),(35),(36),(37),(38),(39),(40),(41),(42),(43),(44),(45),(46),(47),(48),(49),(50),(51),(52),(53),(54),(55),(56),(57),(58),(59),(60),(61),(62),(63),(64),(65),(66),(67),(68),(69),(70),(71),(72),(73),(74),(75),(76),(77),(78),(79),(80),(81),(82),(83),(84),(85),(86),(87),(88),(89),(90),(91),(92),(93),(94),(95),(96),(97),(98),(99),(100),(101),(102),(103),(104),(105),(106),(107),(108),(109),(110),(111),(112),(113),(114),(115),(116),(117),(118),(119),(120),(121),(122),(123),(124),(125),(126),(127),(128),(129),(130),(131),(132),(133),(134),(135),(136),(137),(138),(139),(140),(141),(142),(143),(144),(145),(146),(147),(148),(149),(150),(151),(152),(153),(154),(155),(156),(157),(158),(159),(160),(161),(162),(163),(164),(165),(166),(167),(168),(169),(170),(171),(172),(173),(174),(175),(176),(177),(178),(179),(180),(181),(182),(183),(184),(185),(186),(187),(188),(189),(190),(191),(192),(193),(194),(195),(196),(197),(198),(199),(200),(201),(202),(203),(204),(205),(206),(207),(208),(209),(210),(211),(212),(213),(214),(215),(216),(217),(218),(219),(220),(221),(222),(223),(224),(225),(226),(227),(228),(229),(230),(231),(232),(233),(234),(235),(236),(237),(238),(239),(240),(241),(242),(243),(244),(245),(246),(247),(248),(249),(250),(251),(252),(253),(254),(255),(256),(257),(258),(259),(260),(261),(262),(263),(264),(265),(266),(267),(268),(269),(270),(271),(272),(273),(274),(275),(276),(277),(278),(279),(280),(281),(282),(283),(284),(285),(286),(287),(288),(289),(290),(291),(292),(293),(294),(295),(296),(297),(298),(299),(300),(301),(302),(303),(304),(305),(306),(307),(308),(309),(310),(311),(312),(313),(314),(315),(316),(317),(318),(319),(320),(321),(322),(323),(324),(325),(326),(327),(328),(329),(330),(331),(332),(333),(334),(335),(336),(337),(338),(339),(340),(341),(342),(343),(344),(345),(346),(347),(348),(349),(350),(351),(352),(353),(354),(355),(356),(357),(358),(359),(360),(361),(362),(363),(364),(365),(366),(367),(368),(369),(370),(371),(372),(373),(374),(375),(376),(377),(378),(379),(380),(381),(382),(383),(384),(385),(386),(387),(388),(389),(390),(391),(392),(393),(394),(395),(396),(397),(398),(399),(400),(401),(402),(403),(404),(405),(406),(407),(408),(409),(410),(411),(412),(413),(414),(415),(416),(417),(418),(419),(420),(421),(422),(423),(424),(425),(426),(427),(428),(429),(430),(431),(432),(433),(434),(435),(436),(437),(438),(439),(440),(441),(442),(443),(444),(445),(446),(447),(448),(449),(450),(451),(452),(453),(454),(455),(456),(457),(458),(459),(460),(461),(462),(463),(464),(465),(466),(467),(468),(469),(470),(471),(472),(473),(474),(475),(476),(477),(478),(479),(480),(481),(482),(483),(484),(485),(486),(487),(488),(489),(490),(491),(492),(493),(494),(495),(496),(497),(498),(499),(500),(501),(502),(503),(504),(505),(506),(507),(508),(509),(510),(511),(512),(513),(514),(515),(516),(517),(518),(519),(520),(521),(522),(523),(524),(525),(526),(527),(528),(529),(530),(531),(532),(533),(534),(535),(536),(537),(538),(539),(540),(541),(542),(543),(544),(545),(546),(547),(548),(549),(550),(551),(552),(553),(554),(555),(556),(557),(558),(559),(560),(561),(562),(563),(564),(565),(566),(567),(568),(569),(570),(571),(572),(573),(574),(575),(576),(577),(578),(579),(580),(581),(582),(583),(584),(585),(586),(587),(588),(589),(590),(591),(592),(593),(594),(595),(596),(597),(598),(599),(600),(601),(602),(603),(604),(605),(606),(607),(608),(609),(610),(611),(612),(613),(614),(615),(616),(617),(618),(619),(620),(621),(622),(623),(624),(625),(626),(627),(628),(629),(630),(631),(632),(633),(634),(635),(636),(637),(638),(639),(640),(641),(642),(643),(644),(645),(646),(647),(648),(649),(650),(651),(652),(653),(654),(655),(656),(657),(658),(659),(660),(661),(662),(663),(664),(665),(666),(667),(668),(669),(670),(671),(672),(673),(674),(675),(676),(677),(678),(679),(680),(681),(682),(683),(684),(685),(686),(687),(688),(689),(690),(691),(692),(693),(694),(695),(696),(697),(698),(699),(700),(701),(702),(703),(704),(705),(706),(707),(708),(709),(710),(711),(712),(713),(714),(715),(716),(717),(718),(719),(720),(721),(722),(723),(724),(725),(726),(727),(728),(729),(730),(731),(732),(733),(734),(735),(736),(737),(738),(739),(740),(741),(742),(743),(744),(745),(746),(747),(748),(749),(750),(751),(752),(753),(754),(755),(756),(757),(758),(759),(760),(761),(762),(763),(764),(765),(766),(767),(768),(769),(770),(771),(772),(773),(774),(775),(776),(777),(778),(779),(780),(781),(782),(783),(784),(785),(786),(787),(788),(789),(790),(791),(792),(793),(794),(795),(796),(797),(798),(799),(800),(801),(802),(803),(804),(805),(806),(807),(808),(809),(810),(811),(812),(813),(814),(815),(816),(817),(818),(819),(820),(821),(822),(823),(824),(825),(826),(827),(828),(829),(830),(831),(832),(833),(834),(835),(836),(837),(838),(839),(840),(841),(842),(843),(844),(845),(846),(847),(848),(849),(850),(851),(852),(853),(854),(855),(856),(857),(858),(859),(860),(861),(862),(863),(864),(865),(866),(867),(868),(869),(870),(871),(872),(873),(874),(875),(876),(877),(878),(879),(880),(881),(882),(883),(884),(885),(886),(887),(888),(889),(890),(891),(892),(893),(894),(895),(896),(897),(898),(899),(900),(901),(902),(903),(904),(905),(906),(907),(908),(909),(910),(911),(912),(913),(914),(915),(916),(917),(918),(919),(920),(921),(922),(923),(924),(925),(926),(927),(928),(929),(930),(931),(932),(933),(934),(935),(936),(937),(938),(939),(940),(941),(942),(943),(944),(945),(946),(947),(948),(949),(950),(951),(952),(953),(954),(955),(956),(957),(958),(959),(960),(961),(962),(963),(964),(965),(966),(967),(968),(969),(970),(971),(972),(973),(974),(975),(976),(977),(978),(979),(980),(981),(982),(983),(984),(985),(986),(987),(988),(989),(990),(991),(992),(993),(994),(995),(996),(997),(998),(999),(1000);
/*!40000 ALTER TABLE `row_sequence` ENABLE KEYS */;
UNLOCK TABLES;

--
-- Table structure for table `scan_run`
--

DROP TABLE IF EXISTS `scan_run`;
/*!40101 SET @saved_cs_client     = @@character_set_client */;
/*!40101 SET character_set_client = utf8 */;
CREATE TABLE `scan_run` (
  `id` int(11) NOT NULL AUTO_INCREMENT,
  `prep_id` varchar(200) NOT NULL,
  `performance_center` enum('CSHL','Salk','UCSD','HHMI') DEFAULT NULL COMMENT 'default population is from Histology',
  `machine` enum('Zeiss','Axioscan','Nanozoomer','Olympus VA') DEFAULT NULL,
  `objective` enum('60X','40X','20X','10X') DEFAULT NULL,
  `resolution` float NOT NULL DEFAULT '0' COMMENT '(µm) lateral resolution if available',
  `number_of_slides` int(11) NOT NULL DEFAULT '0',
  `scan_date` date DEFAULT NULL,
  `file_type` enum('CZI','JPEG2000','NDPI','NGR') DEFAULT NULL,
  `scenes_per_slide` enum('1','2','3','4','5','6') DEFAULT NULL,
  `section_schema` enum('L to R','R to L') DEFAULT NULL COMMENT 'agreement is one row',
  `channels_per_scene` enum('1','2','3','4') DEFAULT NULL,
  `slide_folder_path` varchar(200) DEFAULT NULL COMMENT 'the path to the slides folder on birdstore (files to be converted)',
  `converted_folder_path` varchar(200) DEFAULT NULL COMMENT 'the path to the slides folder on birdstore after convertion',
  `converted_status` enum('not started','converted','converting','error') DEFAULT NULL,
  `ch_1_filter_set` enum('68','47','38','46','63','64','50') DEFAULT NULL COMMENT 'This is counterstain Channel',
  `ch_2_filter_set` enum('68','47','38','46','63','64','50') DEFAULT NULL,
  `ch_3_filter_set` enum('68','47','38','46','63','64','50') DEFAULT NULL,
  `ch_4_filter_set` enum('68','47','38','46','63','64','50') DEFAULT NULL,
  `comments` varchar(2001) DEFAULT NULL COMMENT 'assessment',
  `active` tinyint(4) NOT NULL DEFAULT '1',
  `created` timestamp NULL DEFAULT CURRENT_TIMESTAMP,
  PRIMARY KEY (`id`),
  KEY `FK__scan_run_prep_id` (`prep_id`),
  CONSTRAINT `FK__scan_run_prep_id` FOREIGN KEY (`prep_id`) REFERENCES `animal` (`prep_id`)
) ENGINE=InnoDB AUTO_INCREMENT=6 DEFAULT CHARSET=latin1;
/*!40101 SET character_set_client = @saved_cs_client */;

--
-- Dumping data for table `scan_run`
--

LOCK TABLES `scan_run` WRITE;
/*!40000 ALTER TABLE `scan_run` DISABLE KEYS */;
INSERT INTO `scan_run` VALUES (1,'DK39','UCSD','Axioscan','10X',1,116,'2020-01-27','CZI','4','L to R','4','/Active_Atlas_Data/UCSD_AxioScanner/2020/DK39_Final','/Active_Atlas_Data/output/DK39_Final',NULL,NULL,NULL,NULL,NULL,'Test DK39',0,'2020-02-18 22:36:40'),(2,'DK43','UCSD','Axioscan','10X',1,5,'2020-02-19','CZI','4','L to R','4',NULL,NULL,NULL,NULL,NULL,NULL,NULL,NULL,0,'2020-02-19 20:30:51');
/*!40000 ALTER TABLE `scan_run` ENABLE KEYS */;
UNLOCK TABLES;

--
-- Table structure for table `slide`
--

DROP TABLE IF EXISTS `slide`;
/*!40101 SET @saved_cs_client     = @@character_set_client */;
/*!40101 SET character_set_client = utf8 */;
CREATE TABLE `slide` (
  `id` int(11) NOT NULL AUTO_INCREMENT,
  `scan_run_id` int(11) NOT NULL,
  `slide_physical_id` int(11) NOT NULL COMMENT 'one per slide',
  `rescan_number` enum('','1','2','3') NOT NULL DEFAULT '',
  `slide_status` enum('Bad','Good') NOT NULL DEFAULT 'Good',
  `scene_qc_1` enum('','Missing one section','two','three','four','five','six','O-o-F','Bad tissue') NOT NULL DEFAULT '' COMMENT 'Missing are ignored and include folds, dirt over sample',
  `scene_qc_2` enum('','Missing one section','two','three','four','five','six','O-o-F','Bad tissue') NOT NULL DEFAULT '',
  `scene_qc_3` enum('','Missing one section','two','three','four','five','six','O-o-F','Bad tissue') NOT NULL DEFAULT '',
  `scene_qc_4` enum('','Missing one section','two','three','four','five','six','O-o-F','Bad tissue') NOT NULL DEFAULT '',
  `scene_qc_5` enum('','Missing one section','two','three','four','five','six','O-o-F','Bad tissue') NOT NULL DEFAULT '',
  `scene_qc_6` enum('','Missing one section','two','three','four','five','six','O-o-F','Bad tissue') NOT NULL DEFAULT '' COMMENT '"Bad tissue" is interpretted as one missing section',
  `file_name` varchar(200) NOT NULL,
  `comments` varchar(2001) DEFAULT NULL COMMENT 'assessment',
  `active` tinyint(4) NOT NULL DEFAULT '1',
  `created` timestamp NULL DEFAULT CURRENT_TIMESTAMP,
  `file_size` float NOT NULL DEFAULT '0',
  `processing_duration` float NOT NULL DEFAULT '0',
  `processed` tinyint(4) NOT NULL DEFAULT '0',
  PRIMARY KEY (`id`),
  KEY `K__slide_scan_run_id` (`scan_run_id`),
  CONSTRAINT `FK__slide_scan_run_id` FOREIGN KEY (`scan_run_id`) REFERENCES `scan_run` (`id`) ON UPDATE CASCADE
) ENGINE=InnoDB AUTO_INCREMENT=765 DEFAULT CHARSET=latin1;
/*!40101 SET character_set_client = @saved_cs_client */;

--
-- Dumping data for table `slide`
--

LOCK TABLES `slide` WRITE;
/*!40000 ALTER TABLE `slide` DISABLE KEYS */;
INSERT INTO `slide` VALUES (649,2,0,'','Good','','','','','','','DK43_slide072_2020_01_25__8040.czi',NULL,1,'2020-01-27 21:32:14',320494000,0,0),(650,2,1,'','Good','','','','','','','DK43_slide036_2020_01_23__8000.czi',NULL,1,'2020-01-26 00:07:05',548462000,0,0),(651,2,2,'','Good','','','','','','','DK43_slide098_2020_01_31__8123.czi',NULL,1,'2020-02-01 21:16:40',132298000,0,0),(652,2,3,'','Good','','','','','','','DK43_slide081_2020_01_25__8049.czi',NULL,1,'2020-01-27 21:42:38',175654000,0,0),(653,2,4,'','Good','','','','','','','DK43_slide079_2020_01_25__8047.czi',NULL,1,'2020-01-27 21:40:10',217462000,0,0),(654,2,5,'','Good','','','','','','','DK43_slide031_2020_01_23__7995.czi',NULL,1,'2020-01-26 00:04:34',447458000,0,0),(655,2,6,'','Good','','','','','','','DK43_slide034_2020_01_23__7998.czi',NULL,1,'2020-01-26 00:05:58',480778000,0,0),(656,2,7,'','Good','','','','','','','DK43_slide073_2020_01_25__8041.czi',NULL,1,'2020-01-27 21:32:35',332427000,0,0),(657,2,8,'','Good','','','','','','','DK43_slide037_2020_01_23__8001.czi',NULL,1,'2020-01-26 00:07:20',476544000,0,0),(658,2,9,'','Good','','','','','','','DK43_slide096_2020_01_25__8064.czi',NULL,1,'2020-01-27 21:49:22',147999000,0,0),(659,2,10,'','Good','','','','','','','DK43_slide012_2020_01_31__8103.czi',NULL,1,'2020-02-01 21:05:10',373354000,0,0),(660,2,11,'','Good','','','','','','','DK43_slide078_2020_01_25__8046.czi',NULL,1,'2020-01-27 21:35:15',272015000,0,0),(661,2,12,'','Good','','','','','','','DK43_slide080_2020_01_25__8048.czi',NULL,1,'2020-01-27 21:41:23',208468000,0,0),(662,2,13,'','Good','','','','','','','DK43_slide035_2020_01_23__7999.czi',NULL,1,'2020-01-26 00:06:43',551261000,0,0),(663,2,14,'','Good','','','','','','','DK43_slide030_2020_01_23__7994.czi',NULL,1,'2020-01-26 00:03:57',461053000,0,0),(664,2,15,'','Good','','','','','','','DK43_slide057_2020_01_31__8114.czi',NULL,1,'2020-02-01 21:12:07',483612000,0,0),(665,2,16,'','Good','','','','','','','DK43_slide043_2020_01_31__8110.czi',NULL,1,'2020-02-01 21:09:45',593066000,0,0),(666,2,17,'','Good','','','','','','','DK43_slide085_2020_01_25__8053.czi',NULL,1,'2020-01-27 21:44:25',207359000,0,0),(667,2,18,'','Good','','','','','','','DK43_slide044_2020_02_06__8130.czi',NULL,1,'2020-02-07 21:06:33',474052000,0,0),(668,2,19,'','Good','','','','','','','DK43_slide066_2020_01_31__8116.czi',NULL,1,'2020-02-01 21:13:01',371566000,0,0),(669,2,20,'','Good','','','','','','','DK43_slide018_2020_01_23__7983.czi',NULL,1,'2020-01-25 23:55:24',361253000,0,0),(670,2,21,'','Good','','','','','','','DK43_slide023_2020_01_31__8106.czi',NULL,1,'2020-02-01 21:06:19',435979000,0,0),(671,2,22,'','Good','','','','','','','DK43_slide024_2020_01_23__7988.czi',NULL,1,'2020-01-25 23:58:41',386180000,0,0),(672,2,23,'','Good','','','','','','','DK43_slide046_2020_01_23__8010.czi',NULL,1,'2020-01-26 00:13:46',491883000,0,0),(673,2,24,'','Good','','','','','','','DK43_slide063_2020_01_31__8115.czi',NULL,1,'2020-02-01 21:12:31',396139000,0,0),(674,2,25,'','Good','','','','','','','DK43_slide014_2020_01_31__8104.czi',NULL,1,'2020-02-01 21:05:33',360713000,0,0),(675,2,26,'','Good','','','','','','','DK43_slide091_2020_01_25__8059.czi',NULL,1,'2020-01-27 21:47:09',129089000,0,0),(676,2,27,'','Good','','','','','','','DK43_slide033_2020_01_23__7997.czi',NULL,1,'2020-01-26 00:05:31',423264000,0,0),(677,2,28,'','Good','','','','','','','DK43_slide044_2020_01_31__8111.czi',NULL,1,'2020-02-01 21:10:34',390924000,0,0),(678,2,29,'','Good','','','','','','','DK43_slide084_2020_01_25__8052.czi',NULL,1,'2020-01-27 21:43:59',222344000,0,0),(679,2,30,'','Good','','','','','','','DK43_slide025_2020_01_23__7989.czi',NULL,1,'2020-01-25 23:59:36',386443000,0,0),(680,2,31,'','Good','','','','','','','DK43_slide042_2020_01_31__8109.czi',NULL,1,'2020-02-01 21:09:15',543895000,0,0),(681,2,32,'','Good','','','','','','','DK43_slide047_2020_01_23__8011.czi',NULL,1,'2020-01-26 00:14:01',493195000,0,0),(682,2,33,'','Good','','','','','','','DK43_slide090_2020_01_25__8058.czi',NULL,1,'2020-01-27 21:46:48',148873000,0,0),(683,2,34,'','Good','','','','','','','DK43_slide081_2020_01_31__8120.czi',NULL,1,'2020-02-01 21:15:10',253626000,0,0),(684,2,35,'','Good','','','','','','','DK43_slide032_2020_01_23__7996.czi',NULL,1,'2020-01-26 00:05:10',439311000,0,0),(685,2,36,'','Good','','','','','','','DK43_slide093_2020_01_25__8061.czi',NULL,1,'2020-01-27 21:48:02',106752000,0,0),(686,2,37,'','Good','','','','','','','DK43_slide076_2020_01_25__8044.czi',NULL,1,'2020-01-27 21:34:18',288090000,0,0),(687,2,38,'','Good','','','','','','','DK43_slide022_2020_01_23__7987.czi',NULL,1,'2020-01-25 23:58:16',405969000,0,0),(688,2,39,'','Good','','','','','','','DK43_slide039_2020_01_23__8003.czi',NULL,1,'2020-01-26 00:08:18',471263000,0,0),(689,2,40,'','Good','','','','','','','DK43_slide070_2020_01_23__8038.czi',NULL,1,'2020-01-26 00:25:08',370430000,0,0),(690,2,41,'','Good','','','','','','','DK43_slide092_2020_01_25__8060.czi',NULL,1,'2020-01-27 21:47:34',154885000,0,0),(691,2,42,'','Good','','','','','','','DK43_slide096_2020_01_31__8121.czi',NULL,1,'2020-02-01 21:15:40',136402000,0,0),(692,2,43,'','Good','','','','','','','DK43_slide077_2020_01_25__8045.czi',NULL,1,'2020-01-27 21:34:41',271889000,0,0),(693,2,44,'','Good','','','','','','','DK43_slide038_2020_01_23__8002.czi',NULL,1,'2020-01-26 00:07:44',504333000,0,0),(694,2,45,'','Good','','','','','','','DK43_slide009_2020_01_27__8089.czi',NULL,1,'2020-01-28 21:48:31',287285000,0,0),(695,2,46,'','Good','','','','','','','DK43_slide066_2020_01_23__8030.czi',NULL,1,'2020-01-26 00:23:41',356537000,0,0),(696,2,47,'','Good','','','','','','','DK43_slide019_2020_01_23__7984.czi',NULL,1,'2020-01-25 23:56:14',350645000,0,0),(697,2,48,'','Good','','','','','','','DK43_slide020_2020_01_23__7985.czi',NULL,1,'2020-01-25 23:56:40',416548000,0,0),(698,2,49,'','Good','','','','','','','DK43_slide049_2020_01_23__8013.czi',NULL,1,'2020-01-26 00:15:34',902137000,0,0),(699,2,50,'','Good','','','','','','','DK43_slide050_2020_01_31__8113.czi',NULL,1,'2020-02-01 21:11:37',527530000,0,0),(700,2,51,'','Good','','','','','','','DK43_slide071_2020_01_25__8039.czi',NULL,1,'2020-01-27 21:31:16',355354000,0,0),(701,2,52,'','Good','','','','','','','DK43_slide097_2020_01_27__8091.czi',NULL,1,'2020-01-28 21:49:34',82229300,0,0),(702,2,53,'','Good','','','','','','','DK43_slide008_2020_01_27__8088.czi',NULL,1,'2020-01-28 21:47:44',288627000,0,0),(703,2,54,'','Good','','','','','','','DK43_slide048_2020_01_23__8012.czi',NULL,1,'2020-01-26 00:14:25',465373000,0,0),(704,2,55,'','Good','','','','','','','DK43_slide027_2020_01_31__8108.czi',NULL,1,'2020-02-01 21:08:23',410167000,0,0),(705,2,56,'','Good','','','','','','','DK43_slide053_2020_01_23__8017.czi',NULL,1,'2020-01-26 00:17:24',595029000,0,0),(706,2,57,'','Good','','','','','','','DK43_slide059_2020_01_23__8023.czi',NULL,1,'2020-01-26 00:21:00',417772000,0,0),(707,2,58,'','Good','','','','','','','DK43_slide026_2020_01_23__7990.czi',NULL,1,'2020-01-25 23:59:59',416582000,0,0),(708,2,59,'','Good','','','','','','','DK43_slide044_2020_01_23__8008.czi',NULL,1,'2020-01-26 00:12:41',338269000,0,0),(709,2,60,'','Good','','','','','','','DK43_slide041_2020_01_23__8005.czi',NULL,1,'2020-01-26 00:08:54',481022000,0,0),(710,2,61,'','Good','','','','','','','DK43_slide074_2020_01_25__8042.czi',NULL,1,'2020-01-27 21:32:57',295317000,0,0),(711,2,62,'','Good','','','','','','','DK43_slide007_2020_01_27__8087.czi',NULL,1,'2020-01-28 21:47:05',242620000,0,0),(712,2,63,'','Good','','','','','','','DK43_slide072_2020_02_06__8131.czi',NULL,1,'2020-02-07 21:07:01',371123000,0,0),(713,2,64,'','Good','','','','','','','DK43_slide067_2020_01_23__8035.czi',NULL,1,'2020-01-26 00:24:12',375252000,0,0),(714,2,65,'','Good','','','','','','','DK43_slide052_2020_01_23__8016.czi',NULL,1,'2020-01-26 00:17:07',553970000,0,0),(715,2,66,'','Good','','','','','','','DK43_slide058_2020_01_23__8022.czi',NULL,1,'2020-01-26 00:20:23',505559000,0,0),(716,2,67,'','Good','','','','','','','DK43_slide016_2020_01_23__7982.czi',NULL,1,'2020-01-25 23:54:47',372502000,0,0),(717,2,68,'','Good','','','','','','','DK43_slide027_2020_01_23__7991.czi',NULL,1,'2020-01-26 00:01:58',464329000,0,0),(718,2,69,'','Good','','','','','','','DK43_slide075_2020_01_25__8043.czi',NULL,1,'2020-01-27 21:33:57',276037000,0,0),(719,2,70,'','Good','','','','','','','DK43_slide040_2020_01_23__8004.czi',NULL,1,'2020-01-26 00:08:37',479318000,0,0),(720,2,71,'','Good','','','','','','','DK43_slide045_2020_01_23__8009.czi',NULL,1,'2020-01-26 00:13:30',523756000,0,0),(721,2,72,'','Good','','','','','','','DK43_slide006_2020_01_27__8086.czi',NULL,1,'2020-01-28 21:46:18',255483000,0,0),(722,2,73,'','Good','','','','','','','DK43_slide072_2020_01_31__8117.czi',NULL,1,'2020-02-01 21:13:43',300278000,0,0),(723,2,74,'','Good','','','','','','','DK43_slide015_2020_01_23__7981.czi',NULL,1,'2020-01-25 23:54:10',382057000,0,0),(724,2,75,'','Good','','','','','','','DK43_slide051_2020_01_23__8015.czi',NULL,1,'2020-01-26 00:16:57',550349000,0,0),(725,2,76,'','Good','','','','','','','DK43_slide054_2020_01_23__8018.czi',NULL,1,'2020-01-26 00:17:39',563740000,0,0),(726,2,77,'','Good','','','','','','','DK43_slide083_2020_01_25__8051.czi',NULL,1,'2020-01-27 21:43:30',254349000,0,0),(727,2,78,'','Good','','','','','','','DK43_slide043_2020_01_23__8007.czi',NULL,1,'2020-01-26 00:11:33',554474000,0,0),(728,2,79,'','Good','','','','','','','DK43_slide017_2020_01_31__8105.czi',NULL,1,'2020-02-01 21:05:54',362203000,0,0),(729,2,80,'','Good','','','','','','','DK43_slide005_2020_01_27__8085.czi',NULL,1,'2020-01-28 21:45:55',212437000,0,0),(730,2,81,'','Good','','','','','','','DK43_slide088_2020_01_25__8056.czi',NULL,1,'2020-01-27 21:46:04',158342000,0,0),(731,2,82,'','Good','','','','','','','DK43_slide002_2020_01_31__8107.czi',NULL,1,'2020-02-01 21:07:12',195490000,0,0),(732,2,83,'','Good','','','','','','','DK43_slide055_2020_01_23__8019.czi',NULL,1,'2020-01-26 00:17:55',539259000,0,0),(733,2,84,'','Good','','','','','','','DK43_slide050_2020_01_23__8014.czi',NULL,1,'2020-01-26 00:15:46',469644000,0,0),(734,2,85,'','Good','','','','','','','DK43_slide042_2020_01_23__8006.czi',NULL,1,'2020-01-26 00:10:57',348402000,0,0),(735,2,86,'','Good','','','','','','','DK43_slide082_2020_01_25__8050.czi',NULL,1,'2020-01-27 21:43:07',248022000,0,0),(736,2,87,'','Good','','','','','','','DK43_slide004_2020_01_27__8084.czi',NULL,1,'2020-01-28 21:45:38',198481000,0,0),(737,2,88,'','Good','','','','','','','DK43_slide089_2020_01_25__8057.czi',NULL,1,'2020-01-27 21:46:25',152693000,0,0),(738,2,89,'','Good','','','','','','','DK43_slide013_2020_01_23__7980.czi',NULL,1,'2020-01-25 23:53:40',352039000,0,0),(739,2,90,'','Good','','','','','','','DK43_slide095_2020_01_25__8063.czi',NULL,1,'2020-01-27 21:48:44',168206000,0,0),(740,2,91,'','Good','','','','','','','DK43_slide079_2020_01_31__8118.czi',NULL,1,'2020-02-01 21:14:10',286438000,0,0),(741,2,92,'','Good','','','','','','','DK43_slide029_2020_01_23__7993.czi',NULL,1,'2020-01-26 00:03:34',431470000,0,0),(742,2,93,'','Good','','','','','','','DK43_slide021_2020_01_23__7986.czi',NULL,1,'2020-01-25 23:57:15',437513000,0,0),(743,2,94,'','Good','','','','','','','DK43_slide011_2020_01_23__7979.czi',NULL,1,'2020-01-25 23:53:13',275321000,0,0),(744,2,95,'','Good','','','','','','','DK43_slide056_2020_01_23__8020.czi',NULL,1,'2020-01-26 00:18:21',499418000,0,0),(745,2,96,'','Good','','','','','','','DK43_slide069_2020_01_23__8037.czi',NULL,1,'2020-01-26 00:24:49',338997000,0,0),(746,2,97,'','Good','','','','','','','DK43_slide003_2020_01_27__8083.czi',NULL,1,'2020-01-28 21:45:14',189578000,0,0),(747,2,98,'','Good','','','','','','','DK43_slide064_2020_01_23__8028.czi',NULL,1,'2020-01-26 00:22:43',422156000,0,0),(748,2,99,'','Good','','','','','','','DK43_slide061_2020_01_23__8025.czi',NULL,1,'2020-01-26 00:21:39',447204000,0,0),(749,2,100,'','Good','','','','','','','DK43_slide094_2020_01_25__8062.czi',NULL,1,'2020-01-27 21:48:20',107254000,0,0),(750,2,101,'','Good','','','','','','','DK43_slide080_2020_01_31__8119.czi',NULL,1,'2020-02-01 21:14:45',264352000,0,0),(751,2,102,'','Good','','','','','','','DK43_slide010_2020_01_27__8090.czi',NULL,1,'2020-01-28 21:48:50',305120000,0,0),(752,2,103,'','Good','','','','','','','DK43_slide028_2020_01_23__7992.czi',NULL,1,'2020-01-26 00:02:59',447884000,0,0),(753,2,104,'','Good','','','','','','','DK43_slide057_2020_01_23__8021.czi',NULL,1,'2020-01-26 00:20:00',361176000,0,0),(754,2,105,'','Good','','','','','','','DK43_slide060_2020_01_23__8024.czi',NULL,1,'2020-01-26 00:21:24',450774000,0,0),(755,2,106,'','Good','','','','','','','DK43_slide065_2020_01_23__8029.czi',NULL,1,'2020-01-26 00:23:03',378387000,0,0),(756,2,107,'','Good','','','','','','','DK43_slide002_2020_01_27__8082.czi',NULL,1,'2020-01-28 21:44:38',151573000,0,0),(757,2,108,'','Good','','','','','','','DK43_slide068_2020_01_23__8036.czi',NULL,1,'2020-01-26 00:24:25',353732000,0,0),(758,2,109,'','Good','','','','','','','DK43_slide087_2020_01_25__8055.czi',NULL,1,'2020-01-27 21:45:42',183734000,0,0),(759,2,110,'','Good','','','','','','','DK43_slide049_2020_01_31__8112.czi',NULL,1,'2020-02-01 21:11:14',468054000,0,0),(760,2,111,'','Good','','','','','','','DK43_slide063_2020_01_23__8027.czi',NULL,1,'2020-01-26 00:22:16',437568000,0,0),(761,2,112,'','Good','','','','','','','DK43_slide001_2020_01_27__8081.czi',NULL,1,'2020-01-28 21:43:37',122192000,0,0),(762,2,113,'','Good','','','','','','','DK43_slide086_2020_01_25__8054.czi',NULL,1,'2020-01-27 21:44:50',199454000,0,0),(763,2,114,'','Good','','','','','','','DK43_slide062_2020_01_23__8026.czi',NULL,1,'2020-01-26 00:21:53',455384000,0,0),(764,2,115,'','Good','','','','','','','DK43_slide097_2020_01_31__8122.czi',NULL,1,'2020-02-01 21:16:07',131943000,0,0);
/*!40000 ALTER TABLE `slide` ENABLE KEYS */;
UNLOCK TABLES;

--
-- Table structure for table `slide_czi_to_tif`
--

DROP TABLE IF EXISTS `slide_czi_to_tif`;
/*!40101 SET @saved_cs_client     = @@character_set_client */;
/*!40101 SET character_set_client = utf8 */;
CREATE TABLE `slide_czi_to_tif` (
  `id` int(11) NOT NULL AUTO_INCREMENT,
  `slide_id` int(11) NOT NULL,
  `file_name` varchar(200) NOT NULL,
  `scene_number` tinyint(4) NOT NULL,
  `channel` tinyint(4) NOT NULL,
  `width` int(11) NOT NULL DEFAULT '0',
  `height` int(11) NOT NULL DEFAULT '0',
  `comments` varchar(2000) DEFAULT NULL COMMENT 'assessment',
  `active` tinyint(4) NOT NULL DEFAULT '1',
  `created` timestamp NULL DEFAULT CURRENT_TIMESTAMP,
  `file_size` float NOT NULL DEFAULT '0',
  PRIMARY KEY (`id`),
  KEY `K__slide_id` (`slide_id`),
  CONSTRAINT `FK__slide_id` FOREIGN KEY (`slide_id`) REFERENCES `slide` (`id`) ON DELETE CASCADE ON UPDATE CASCADE
) ENGINE=InnoDB AUTO_INCREMENT=2560 DEFAULT CHARSET=latin1;
/*!40101 SET character_set_client = @saved_cs_client */;

--
-- Dumping data for table `slide_czi_to_tif`
--

LOCK TABLES `slide_czi_to_tif` WRITE;
/*!40000 ALTER TABLE `slide_czi_to_tif` DISABLE KEYS */;
INSERT INTO `slide_czi_to_tif` VALUES (1186,649,'DK43_slide072_2020_01_25__8040_S0_C0.tif',0,0,24209,35317,NULL,1,'2020-02-28 23:09:31',0),(1187,649,'DK43_slide072_2020_01_25__8040_S0_C1.tif',0,1,24209,35317,NULL,1,'2020-02-28 23:09:31',0),(1188,649,'DK43_slide072_2020_01_25__8040_S0_C2.tif',0,2,24209,35317,NULL,1,'2020-02-28 23:09:31',0),(1189,649,'DK43_slide072_2020_01_25__8040_S1_C0.tif',7,0,24213,33474,NULL,1,'2020-02-28 23:09:31',0),(1190,649,'DK43_slide072_2020_01_25__8040_S1_C1.tif',7,1,24213,33474,NULL,1,'2020-02-28 23:09:31',0),(1191,649,'DK43_slide072_2020_01_25__8040_S1_C2.tif',7,2,24213,33474,NULL,1,'2020-02-28 23:09:31',0),(1192,649,'DK43_slide072_2020_01_25__8040_S2_C0.tif',14,0,24215,33468,NULL,1,'2020-02-28 23:09:31',0),(1193,649,'DK43_slide072_2020_01_25__8040_S2_C1.tif',14,1,24215,33468,NULL,1,'2020-02-28 23:09:31',0),(1194,649,'DK43_slide072_2020_01_25__8040_S2_C2.tif',14,2,24215,33468,NULL,1,'2020-02-28 23:09:31',0),(1195,649,'DK43_slide072_2020_01_25__8040_S3_C0.tif',21,0,24165,33092,NULL,1,'2020-02-28 23:09:31',0),(1196,649,'DK43_slide072_2020_01_25__8040_S3_C1.tif',21,1,24165,33092,NULL,1,'2020-02-28 23:09:31',0),(1197,649,'DK43_slide072_2020_01_25__8040_S3_C2.tif',21,2,24165,33092,NULL,1,'2020-02-28 23:09:31',0),(1198,650,'DK43_slide036_2020_01_23__8000_S0_C0.tif',0,0,26054,48268,NULL,1,'2020-02-28 23:09:46',0),(1199,650,'DK43_slide036_2020_01_23__8000_S0_C1.tif',0,1,26054,48268,NULL,1,'2020-02-28 23:09:46',0),(1200,650,'DK43_slide036_2020_01_23__8000_S0_C2.tif',0,2,26054,48268,NULL,1,'2020-02-28 23:09:46',0),(1201,650,'DK43_slide036_2020_01_23__8000_S1_C0.tif',7,0,26040,48256,NULL,1,'2020-02-28 23:09:46',0),(1202,650,'DK43_slide036_2020_01_23__8000_S1_C1.tif',7,1,26040,48256,NULL,1,'2020-02-28 23:09:46',0),(1203,650,'DK43_slide036_2020_01_23__8000_S1_C2.tif',7,2,26040,48256,NULL,1,'2020-02-28 23:09:46',0),(1204,650,'DK43_slide036_2020_01_23__8000_S2_C0.tif',14,0,26067,50113,NULL,1,'2020-02-28 23:09:46',0),(1205,650,'DK43_slide036_2020_01_23__8000_S2_C1.tif',14,1,26067,50113,NULL,1,'2020-02-28 23:09:46',0),(1206,650,'DK43_slide036_2020_01_23__8000_S2_C2.tif',14,2,26067,50113,NULL,1,'2020-02-28 23:09:46',0),(1207,650,'DK43_slide036_2020_01_23__8000_S3_C0.tif',21,0,26048,48260,NULL,1,'2020-02-28 23:09:46',0),(1208,650,'DK43_slide036_2020_01_23__8000_S3_C1.tif',21,1,26048,48260,NULL,1,'2020-02-28 23:09:46',0),(1209,650,'DK43_slide036_2020_01_23__8000_S3_C2.tif',21,2,26048,48260,NULL,1,'2020-02-28 23:09:46',0),(1210,651,'DK43_slide098_2020_01_31__8123_S0_C0.tif',0,0,13127,9440,NULL,1,'2020-02-28 23:09:51',0),(1211,651,'DK43_slide098_2020_01_31__8123_S0_C1.tif',0,1,13127,9440,NULL,1,'2020-02-28 23:09:51',0),(1212,651,'DK43_slide098_2020_01_31__8123_S0_C2.tif',0,2,13127,9440,NULL,1,'2020-02-28 23:09:51',0),(1213,651,'DK43_slide098_2020_01_31__8123_S1_C0.tif',5,0,11303,13148,NULL,1,'2020-02-28 23:09:51',0),(1214,651,'DK43_slide098_2020_01_31__8123_S1_C1.tif',5,1,11303,13148,NULL,1,'2020-02-28 23:09:51',0),(1215,651,'DK43_slide098_2020_01_31__8123_S1_C2.tif',5,2,11303,13148,NULL,1,'2020-02-28 23:09:51',0),(1216,651,'DK43_slide098_2020_01_31__8123_S2_C0.tif',10,0,11292,11290,NULL,1,'2020-02-28 23:09:51',0),(1217,651,'DK43_slide098_2020_01_31__8123_S2_C1.tif',10,1,11292,11290,NULL,1,'2020-02-28 23:09:51',0),(1218,651,'DK43_slide098_2020_01_31__8123_S2_C2.tif',10,2,11292,11290,NULL,1,'2020-02-28 23:09:51',0),(1219,651,'DK43_slide098_2020_01_31__8123_S3_C0.tif',15,0,14955,11285,NULL,1,'2020-02-28 23:09:51',0),(1220,651,'DK43_slide098_2020_01_31__8123_S3_C1.tif',15,1,14955,11285,NULL,1,'2020-02-28 23:09:51',0),(1221,651,'DK43_slide098_2020_01_31__8123_S3_C2.tif',15,2,14955,11285,NULL,1,'2020-02-28 23:09:51',0),(1222,652,'DK43_slide081_2020_01_25__8049_S0_C0.tif',0,0,20537,31613,NULL,1,'2020-02-28 23:09:58',0),(1223,652,'DK43_slide081_2020_01_25__8049_S0_C1.tif',0,1,20537,31613,NULL,1,'2020-02-28 23:09:58',0),(1224,652,'DK43_slide081_2020_01_25__8049_S0_C2.tif',0,2,20537,31613,NULL,1,'2020-02-28 23:09:58',0),(1225,652,'DK43_slide081_2020_01_25__8049_S1_C0.tif',6,0,20523,29765,NULL,1,'2020-02-28 23:09:58',0),(1226,652,'DK43_slide081_2020_01_25__8049_S1_C1.tif',6,1,20523,29765,NULL,1,'2020-02-28 23:09:58',0),(1227,652,'DK43_slide081_2020_01_25__8049_S1_C2.tif',6,2,20523,29765,NULL,1,'2020-02-28 23:09:58',0),(1228,652,'DK43_slide081_2020_01_25__8049_S2_C0.tif',12,0,18686,29762,NULL,1,'2020-02-28 23:09:58',0),(1229,652,'DK43_slide081_2020_01_25__8049_S2_C1.tif',12,1,18686,29762,NULL,1,'2020-02-28 23:09:58',0),(1230,652,'DK43_slide081_2020_01_25__8049_S2_C2.tif',12,2,18686,29762,NULL,1,'2020-02-28 23:09:58',0),(1231,653,'DK43_slide079_2020_01_25__8047_S0_C0.tif',0,0,22373,31627,NULL,1,'2020-02-28 23:10:06',0),(1232,653,'DK43_slide079_2020_01_25__8047_S0_C1.tif',0,1,22373,31627,NULL,1,'2020-02-28 23:10:06',0),(1233,653,'DK43_slide079_2020_01_25__8047_S0_C2.tif',0,2,22373,31627,NULL,1,'2020-02-28 23:10:06',0),(1234,653,'DK43_slide079_2020_01_25__8047_S1_C0.tif',6,0,22374,31622,NULL,1,'2020-02-28 23:10:06',0),(1235,653,'DK43_slide079_2020_01_25__8047_S1_C1.tif',6,1,22374,31622,NULL,1,'2020-02-28 23:10:06',0),(1236,653,'DK43_slide079_2020_01_25__8047_S1_C2.tif',6,2,22374,31622,NULL,1,'2020-02-28 23:10:06',0),(1237,653,'DK43_slide079_2020_01_25__8047_S2_C0.tif',12,0,20525,31620,NULL,1,'2020-02-28 23:10:06',0),(1238,653,'DK43_slide079_2020_01_25__8047_S2_C1.tif',12,1,20525,31620,NULL,1,'2020-02-28 23:10:06',0),(1239,653,'DK43_slide079_2020_01_25__8047_S2_C2.tif',12,2,20525,31620,NULL,1,'2020-02-28 23:10:06',0),(1240,654,'DK43_slide031_2020_01_23__7995_S0_C0.tif',0,0,24228,50110,NULL,1,'2020-02-28 23:10:18',0),(1241,654,'DK43_slide031_2020_01_23__7995_S0_C1.tif',0,1,24228,50110,NULL,1,'2020-02-28 23:10:18',0),(1242,654,'DK43_slide031_2020_01_23__7995_S0_C2.tif',0,2,24228,50110,NULL,1,'2020-02-28 23:10:18',0),(1243,654,'DK43_slide031_2020_01_23__7995_S1_C0.tif',7,0,24216,46416,NULL,1,'2020-02-28 23:10:18',0),(1244,654,'DK43_slide031_2020_01_23__7995_S1_C1.tif',7,1,24216,46416,NULL,1,'2020-02-28 23:10:18',0),(1245,654,'DK43_slide031_2020_01_23__7995_S1_C2.tif',7,2,24216,46416,NULL,1,'2020-02-28 23:10:18',0),(1246,654,'DK43_slide031_2020_01_23__7995_S2_C0.tif',14,0,24234,48261,NULL,1,'2020-02-28 23:10:18',0),(1247,654,'DK43_slide031_2020_01_23__7995_S2_C1.tif',14,1,24234,48261,NULL,1,'2020-02-28 23:10:18',0),(1248,654,'DK43_slide031_2020_01_23__7995_S2_C2.tif',14,2,24234,48261,NULL,1,'2020-02-28 23:10:18',0),(1249,654,'DK43_slide031_2020_01_23__7995_S3_C0.tif',21,0,22379,46409,NULL,1,'2020-02-28 23:10:18',0),(1250,654,'DK43_slide031_2020_01_23__7995_S3_C1.tif',21,1,22379,46409,NULL,1,'2020-02-28 23:10:18',0),(1251,654,'DK43_slide031_2020_01_23__7995_S3_C2.tif',21,2,22379,46409,NULL,1,'2020-02-28 23:10:18',0),(1252,655,'DK43_slide034_2020_01_23__7998_S0_C0.tif',0,0,26035,50119,NULL,1,'2020-02-28 23:10:32',0),(1253,655,'DK43_slide034_2020_01_23__7998_S0_C1.tif',0,1,26035,50119,NULL,1,'2020-02-28 23:10:32',0),(1254,655,'DK43_slide034_2020_01_23__7998_S0_C2.tif',0,2,26035,50119,NULL,1,'2020-02-28 23:10:32',0),(1255,655,'DK43_slide034_2020_01_23__7998_S1_C0.tif',7,0,26063,46404,NULL,1,'2020-02-28 23:10:32',0),(1256,655,'DK43_slide034_2020_01_23__7998_S1_C1.tif',7,1,26063,46404,NULL,1,'2020-02-28 23:10:32',0),(1257,655,'DK43_slide034_2020_01_23__7998_S1_C2.tif',7,2,26063,46404,NULL,1,'2020-02-28 23:10:32',0),(1258,655,'DK43_slide034_2020_01_23__7998_S2_C0.tif',14,0,27888,46412,NULL,1,'2020-02-28 23:10:32',0),(1259,655,'DK43_slide034_2020_01_23__7998_S2_C1.tif',14,1,27888,46412,NULL,1,'2020-02-28 23:10:32',0),(1260,655,'DK43_slide034_2020_01_23__7998_S2_C2.tif',14,2,27888,46412,NULL,1,'2020-02-28 23:10:32',0),(1261,655,'DK43_slide034_2020_01_23__7998_S3_C0.tif',21,0,24217,46383,NULL,1,'2020-02-28 23:10:32',0),(1262,655,'DK43_slide034_2020_01_23__7998_S3_C1.tif',21,1,24217,46383,NULL,1,'2020-02-28 23:10:32',0),(1263,655,'DK43_slide034_2020_01_23__7998_S3_C2.tif',21,2,24217,46383,NULL,1,'2020-02-28 23:10:32',0),(1264,656,'DK43_slide073_2020_01_25__8041_S0_C0.tif',0,0,24222,35317,NULL,1,'2020-02-28 23:10:42',0),(1265,656,'DK43_slide073_2020_01_25__8041_S0_C1.tif',0,1,24222,35317,NULL,1,'2020-02-28 23:10:42',0),(1266,656,'DK43_slide073_2020_01_25__8041_S0_C2.tif',0,2,24222,35317,NULL,1,'2020-02-28 23:10:42',0),(1267,656,'DK43_slide073_2020_01_25__8041_S1_C0.tif',7,0,24217,33470,NULL,1,'2020-02-28 23:10:42',0),(1268,656,'DK43_slide073_2020_01_25__8041_S1_C1.tif',7,1,24217,33470,NULL,1,'2020-02-28 23:10:42',0),(1269,656,'DK43_slide073_2020_01_25__8041_S1_C2.tif',7,2,24217,33470,NULL,1,'2020-02-28 23:10:42',0),(1270,656,'DK43_slide073_2020_01_25__8041_S2_C0.tif',14,0,24226,33477,NULL,1,'2020-02-28 23:10:42',0),(1271,656,'DK43_slide073_2020_01_25__8041_S2_C1.tif',14,1,24226,33477,NULL,1,'2020-02-28 23:10:42',0),(1272,656,'DK43_slide073_2020_01_25__8041_S2_C2.tif',14,2,24226,33477,NULL,1,'2020-02-28 23:10:42',0),(1273,656,'DK43_slide073_2020_01_25__8041_S3_C0.tif',21,0,24210,33468,NULL,1,'2020-02-28 23:10:42',0),(1274,656,'DK43_slide073_2020_01_25__8041_S3_C1.tif',21,1,24210,33468,NULL,1,'2020-02-28 23:10:42',0),(1275,656,'DK43_slide073_2020_01_25__8041_S3_C2.tif',21,2,24210,33468,NULL,1,'2020-02-28 23:10:42',0),(1276,657,'DK43_slide037_2020_01_23__8001_S0_C0.tif',0,0,27890,48258,NULL,1,'2020-02-28 23:10:55',0),(1277,657,'DK43_slide037_2020_01_23__8001_S0_C1.tif',0,1,27890,48258,NULL,1,'2020-02-28 23:10:55',0),(1278,657,'DK43_slide037_2020_01_23__8001_S0_C2.tif',0,2,27890,48258,NULL,1,'2020-02-28 23:10:55',0),(1279,657,'DK43_slide037_2020_01_23__8001_S1_C0.tif',7,0,26039,48246,NULL,1,'2020-02-28 23:10:55',0),(1280,657,'DK43_slide037_2020_01_23__8001_S1_C1.tif',7,1,26039,48246,NULL,1,'2020-02-28 23:10:55',0),(1281,657,'DK43_slide037_2020_01_23__8001_S1_C2.tif',7,2,26039,48246,NULL,1,'2020-02-28 23:10:55',0),(1282,657,'DK43_slide037_2020_01_23__8001_S2_C0.tif',14,0,26048,50112,NULL,1,'2020-02-28 23:10:55',0),(1283,657,'DK43_slide037_2020_01_23__8001_S2_C1.tif',14,1,26048,50112,NULL,1,'2020-02-28 23:10:55',0),(1284,657,'DK43_slide037_2020_01_23__8001_S2_C2.tif',14,2,26048,50112,NULL,1,'2020-02-28 23:10:55',0),(1285,657,'DK43_slide037_2020_01_23__8001_S3_C0.tif',21,0,26044,51958,NULL,1,'2020-02-28 23:10:55',0),(1286,657,'DK43_slide037_2020_01_23__8001_S3_C1.tif',21,1,26044,51958,NULL,1,'2020-02-28 23:10:55',0),(1287,657,'DK43_slide037_2020_01_23__8001_S3_C2.tif',21,2,26044,51958,NULL,1,'2020-02-28 23:10:55',0),(1288,658,'DK43_slide096_2020_01_25__8064_S0_C0.tif',0,0,16803,13140,NULL,1,'2020-02-28 23:11:02',0),(1289,658,'DK43_slide096_2020_01_25__8064_S0_C1.tif',0,1,16803,13140,NULL,1,'2020-02-28 23:11:02',0),(1290,658,'DK43_slide096_2020_01_25__8064_S0_C2.tif',0,2,16803,13140,NULL,1,'2020-02-28 23:11:02',0),(1291,658,'DK43_slide096_2020_01_25__8064_S1_C0.tif',6,0,13129,14975,NULL,1,'2020-02-28 23:11:02',0),(1292,658,'DK43_slide096_2020_01_25__8064_S1_C1.tif',6,1,13129,14975,NULL,1,'2020-02-28 23:11:02',0),(1293,658,'DK43_slide096_2020_01_25__8064_S1_C2.tif',6,2,13129,14975,NULL,1,'2020-02-28 23:11:02',0),(1294,658,'DK43_slide096_2020_01_25__8064_S2_C0.tif',11,0,29897,46337,NULL,1,'2020-02-28 23:11:02',0),(1295,658,'DK43_slide096_2020_01_25__8064_S2_C1.tif',11,1,29897,46337,NULL,1,'2020-02-28 23:11:02',0),(1296,658,'DK43_slide096_2020_01_25__8064_S2_C2.tif',11,2,29897,46337,NULL,1,'2020-02-28 23:11:02',0),(1297,658,'DK43_slide096_2020_01_25__8064_S3_C0.tif',18,0,14976,14982,NULL,1,'2020-02-28 23:11:02',0),(1298,658,'DK43_slide096_2020_01_25__8064_S3_C1.tif',18,1,14976,14982,NULL,1,'2020-02-28 23:11:02',0),(1299,658,'DK43_slide096_2020_01_25__8064_S3_C2.tif',18,2,14976,14982,NULL,1,'2020-02-28 23:11:02',0),(1300,659,'DK43_slide012_2020_01_31__8103_S0_C0.tif',0,0,27920,35327,NULL,1,'2020-02-28 23:11:13',0),(1301,659,'DK43_slide012_2020_01_31__8103_S0_C1.tif',0,1,27920,35327,NULL,1,'2020-02-28 23:11:13',0),(1302,659,'DK43_slide012_2020_01_31__8103_S0_C2.tif',0,2,27920,35327,NULL,1,'2020-02-28 23:11:13',0),(1303,659,'DK43_slide012_2020_01_31__8103_S1_C0.tif',7,0,27923,35319,NULL,1,'2020-02-28 23:11:13',0),(1304,659,'DK43_slide012_2020_01_31__8103_S1_C1.tif',7,1,27923,35319,NULL,1,'2020-02-28 23:11:13',0),(1305,659,'DK43_slide012_2020_01_31__8103_S1_C2.tif',7,2,27923,35319,NULL,1,'2020-02-28 23:11:13',0),(1306,659,'DK43_slide012_2020_01_31__8103_S2_C0.tif',14,0,27921,37163,NULL,1,'2020-02-28 23:11:13',0),(1307,659,'DK43_slide012_2020_01_31__8103_S2_C1.tif',14,1,27921,37163,NULL,1,'2020-02-28 23:11:13',0),(1308,659,'DK43_slide012_2020_01_31__8103_S2_C2.tif',14,2,27921,37163,NULL,1,'2020-02-28 23:11:13',0),(1309,659,'DK43_slide012_2020_01_31__8103_S3_C0.tif',21,0,26063,35320,NULL,1,'2020-02-28 23:11:13',0),(1310,659,'DK43_slide012_2020_01_31__8103_S3_C1.tif',21,1,26063,35320,NULL,1,'2020-02-28 23:11:13',0),(1311,659,'DK43_slide012_2020_01_31__8103_S3_C2.tif',21,2,26063,35320,NULL,1,'2020-02-28 23:11:13',0),(1312,660,'DK43_slide078_2020_01_25__8046_S0_C0.tif',0,0,22366,33463,NULL,1,'2020-02-28 23:11:23',0),(1313,660,'DK43_slide078_2020_01_25__8046_S0_C1.tif',0,1,22366,33463,NULL,1,'2020-02-28 23:11:23',0),(1314,660,'DK43_slide078_2020_01_25__8046_S0_C2.tif',0,2,22366,33463,NULL,1,'2020-02-28 23:11:23',0),(1315,660,'DK43_slide078_2020_01_25__8046_S1_C0.tif',7,0,22370,31606,NULL,1,'2020-02-28 23:11:23',0),(1316,660,'DK43_slide078_2020_01_25__8046_S1_C1.tif',7,1,22370,31606,NULL,1,'2020-02-28 23:11:23',0),(1317,660,'DK43_slide078_2020_01_25__8046_S1_C2.tif',7,2,22370,31606,NULL,1,'2020-02-28 23:11:23',0),(1318,660,'DK43_slide078_2020_01_25__8046_S2_C0.tif',13,0,20532,31609,NULL,1,'2020-02-28 23:11:23',0),(1319,660,'DK43_slide078_2020_01_25__8046_S2_C1.tif',13,1,20532,31609,NULL,1,'2020-02-28 23:11:23',0),(1320,660,'DK43_slide078_2020_01_25__8046_S2_C2.tif',13,2,20532,31609,NULL,1,'2020-02-28 23:11:23',0),(1321,660,'DK43_slide078_2020_01_25__8046_S3_C0.tif',19,0,22375,31609,NULL,1,'2020-02-28 23:11:23',0),(1322,660,'DK43_slide078_2020_01_25__8046_S3_C1.tif',19,1,22375,31609,NULL,1,'2020-02-28 23:11:23',0),(1323,660,'DK43_slide078_2020_01_25__8046_S3_C2.tif',19,2,22375,31609,NULL,1,'2020-02-28 23:11:23',0),(1324,661,'DK43_slide080_2020_01_25__8048_S0_C0.tif',0,0,18686,31616,NULL,1,'2020-02-28 23:11:30',0),(1325,661,'DK43_slide080_2020_01_25__8048_S0_C1.tif',0,1,18686,31616,NULL,1,'2020-02-28 23:11:30',0),(1326,661,'DK43_slide080_2020_01_25__8048_S0_C2.tif',0,2,18686,31616,NULL,1,'2020-02-28 23:11:30',0),(1327,661,'DK43_slide080_2020_01_25__8048_S1_C0.tif',6,0,20520,31613,NULL,1,'2020-02-28 23:11:30',0),(1328,661,'DK43_slide080_2020_01_25__8048_S1_C1.tif',6,1,20520,31613,NULL,1,'2020-02-28 23:11:30',0),(1329,661,'DK43_slide080_2020_01_25__8048_S1_C2.tif',6,2,20520,31613,NULL,1,'2020-02-28 23:11:30',0),(1330,661,'DK43_slide080_2020_01_25__8048_S2_C0.tif',12,0,20496,31367,NULL,1,'2020-02-28 23:11:30',0),(1331,661,'DK43_slide080_2020_01_25__8048_S2_C1.tif',12,1,20496,31367,NULL,1,'2020-02-28 23:11:30',0),(1332,661,'DK43_slide080_2020_01_25__8048_S2_C2.tif',12,2,20496,31367,NULL,1,'2020-02-28 23:11:30',0),(1333,661,'DK43_slide080_2020_01_25__8048_S3_C0.tif',18,0,22224,29489,NULL,1,'2020-02-28 23:11:30',0),(1334,661,'DK43_slide080_2020_01_25__8048_S3_C1.tif',18,1,22224,29489,NULL,1,'2020-02-28 23:11:30',0),(1335,661,'DK43_slide080_2020_01_25__8048_S3_C2.tif',18,2,22224,29489,NULL,1,'2020-02-28 23:11:30',0),(1336,662,'DK43_slide035_2020_01_23__7999_S0_C0.tif',0,0,24228,48264,NULL,1,'2020-02-28 23:11:44',0),(1337,662,'DK43_slide035_2020_01_23__7999_S0_C1.tif',0,1,24228,48264,NULL,1,'2020-02-28 23:11:44',0),(1338,662,'DK43_slide035_2020_01_23__7999_S0_C2.tif',0,2,24228,48264,NULL,1,'2020-02-28 23:11:44',0),(1339,662,'DK43_slide035_2020_01_23__7999_S1_C0.tif',7,0,22376,46416,NULL,1,'2020-02-28 23:11:44',0),(1340,662,'DK43_slide035_2020_01_23__7999_S1_C1.tif',7,1,22376,46416,NULL,1,'2020-02-28 23:11:44',0),(1341,662,'DK43_slide035_2020_01_23__7999_S1_C2.tif',7,2,22376,46416,NULL,1,'2020-02-28 23:11:44',0),(1342,662,'DK43_slide035_2020_01_23__7999_S2_C0.tif',14,0,24188,48264,NULL,1,'2020-02-28 23:11:44',0),(1343,662,'DK43_slide035_2020_01_23__7999_S2_C1.tif',14,1,24188,48264,NULL,1,'2020-02-28 23:11:44',0),(1344,662,'DK43_slide035_2020_01_23__7999_S2_C2.tif',14,2,24188,48264,NULL,1,'2020-02-28 23:11:44',0),(1345,662,'DK43_slide035_2020_01_23__7999_S3_C0.tif',21,0,26035,48263,NULL,1,'2020-02-28 23:11:44',0),(1346,662,'DK43_slide035_2020_01_23__7999_S3_C1.tif',21,1,26035,48263,NULL,1,'2020-02-28 23:11:44',0),(1347,662,'DK43_slide035_2020_01_23__7999_S3_C2.tif',21,2,26035,48263,NULL,1,'2020-02-28 23:11:44',0),(1348,663,'DK43_slide030_2020_01_23__7994_S0_C0.tif',0,0,22383,46413,NULL,1,'2020-02-28 23:11:56',0),(1349,663,'DK43_slide030_2020_01_23__7994_S0_C1.tif',0,1,22383,46413,NULL,1,'2020-02-28 23:11:56',0),(1350,663,'DK43_slide030_2020_01_23__7994_S0_C2.tif',0,2,22383,46413,NULL,1,'2020-02-28 23:11:56',0),(1351,663,'DK43_slide030_2020_01_23__7994_S1_C0.tif',7,0,22372,46384,NULL,1,'2020-02-28 23:11:56',0),(1352,663,'DK43_slide030_2020_01_23__7994_S1_C1.tif',7,1,22372,46384,NULL,1,'2020-02-28 23:11:56',0),(1353,663,'DK43_slide030_2020_01_23__7994_S1_C2.tif',7,2,22372,46384,NULL,1,'2020-02-28 23:11:56',0),(1354,663,'DK43_slide030_2020_01_23__7994_S2_C0.tif',14,0,22383,46404,NULL,1,'2020-02-28 23:11:56',0),(1355,663,'DK43_slide030_2020_01_23__7994_S2_C1.tif',14,1,22383,46404,NULL,1,'2020-02-28 23:11:56',0),(1356,663,'DK43_slide030_2020_01_23__7994_S2_C2.tif',14,2,22383,46404,NULL,1,'2020-02-28 23:11:56',0),(1357,663,'DK43_slide030_2020_01_23__7994_S3_C0.tif',21,0,26040,46386,NULL,1,'2020-02-28 23:11:56',0),(1358,663,'DK43_slide030_2020_01_23__7994_S3_C1.tif',21,1,26040,46386,NULL,1,'2020-02-28 23:11:56',0),(1359,663,'DK43_slide030_2020_01_23__7994_S3_C2.tif',21,2,26040,46386,NULL,1,'2020-02-28 23:11:56',0),(1360,664,'DK43_slide057_2020_01_31__8114_S0_C0.tif',0,0,27923,46409,NULL,1,'2020-02-28 23:12:09',0),(1361,664,'DK43_slide057_2020_01_31__8114_S0_C1.tif',0,1,27923,46409,NULL,1,'2020-02-28 23:12:09',0),(1362,664,'DK43_slide057_2020_01_31__8114_S0_C2.tif',0,2,27923,46409,NULL,1,'2020-02-28 23:12:09',0),(1363,664,'DK43_slide057_2020_01_31__8114_S1_C0.tif',7,0,27924,50100,NULL,1,'2020-02-28 23:12:09',0),(1364,664,'DK43_slide057_2020_01_31__8114_S1_C1.tif',7,1,27924,50100,NULL,1,'2020-02-28 23:12:09',0),(1365,664,'DK43_slide057_2020_01_31__8114_S1_C2.tif',7,2,27924,50100,NULL,1,'2020-02-28 23:12:09',0),(1366,664,'DK43_slide057_2020_01_31__8114_S2_C0.tif',14,0,29758,48249,NULL,1,'2020-02-28 23:12:09',0),(1367,664,'DK43_slide057_2020_01_31__8114_S2_C1.tif',14,1,29758,48249,NULL,1,'2020-02-28 23:12:09',0),(1368,664,'DK43_slide057_2020_01_31__8114_S2_C2.tif',14,2,29758,48249,NULL,1,'2020-02-28 23:12:09',0),(1369,664,'DK43_slide057_2020_01_31__8114_S3_C0.tif',21,0,29768,48258,NULL,1,'2020-02-28 23:12:09',0),(1370,664,'DK43_slide057_2020_01_31__8114_S3_C1.tif',21,1,29768,48258,NULL,1,'2020-02-28 23:12:09',0),(1371,664,'DK43_slide057_2020_01_31__8114_S3_C2.tif',21,2,29768,48258,NULL,1,'2020-02-28 23:12:09',0),(1372,665,'DK43_slide043_2020_01_31__8110_S0_C0.tif',0,0,29751,51949,NULL,1,'2020-02-28 23:12:25',0),(1373,665,'DK43_slide043_2020_01_31__8110_S0_C1.tif',0,1,29751,51949,NULL,1,'2020-02-28 23:12:25',0),(1374,665,'DK43_slide043_2020_01_31__8110_S0_C2.tif',0,2,29751,51949,NULL,1,'2020-02-28 23:12:25',0),(1375,665,'DK43_slide043_2020_01_31__8110_S1_C0.tif',7,0,27909,51961,NULL,1,'2020-02-28 23:12:25',0),(1376,665,'DK43_slide043_2020_01_31__8110_S1_C1.tif',7,1,27909,51961,NULL,1,'2020-02-28 23:12:25',0),(1377,665,'DK43_slide043_2020_01_31__8110_S1_C2.tif',7,2,27909,51961,NULL,1,'2020-02-28 23:12:25',0),(1378,665,'DK43_slide043_2020_01_31__8110_S2_C0.tif',14,0,27889,50110,NULL,1,'2020-02-28 23:12:25',0),(1379,665,'DK43_slide043_2020_01_31__8110_S2_C1.tif',14,1,27889,50110,NULL,1,'2020-02-28 23:12:25',0),(1380,665,'DK43_slide043_2020_01_31__8110_S2_C2.tif',14,2,27889,50110,NULL,1,'2020-02-28 23:12:25',0),(1381,665,'DK43_slide043_2020_01_31__8110_S3_C0.tif',21,0,27907,48253,NULL,1,'2020-02-28 23:12:25',0),(1382,665,'DK43_slide043_2020_01_31__8110_S3_C1.tif',21,1,27907,48253,NULL,1,'2020-02-28 23:12:25',0),(1383,665,'DK43_slide043_2020_01_31__8110_S3_C2.tif',21,2,27907,48253,NULL,1,'2020-02-28 23:12:25',0),(1384,666,'DK43_slide085_2020_01_25__8053_S0_C0.tif',0,0,18686,27917,NULL,1,'2020-02-28 23:12:32',0),(1385,666,'DK43_slide085_2020_01_25__8053_S0_C1.tif',0,1,18686,27917,NULL,1,'2020-02-28 23:12:32',0),(1386,666,'DK43_slide085_2020_01_25__8053_S0_C2.tif',0,2,18686,27917,NULL,1,'2020-02-28 23:12:32',0),(1387,666,'DK43_slide085_2020_01_25__8053_S1_C0.tif',6,0,18675,27915,NULL,1,'2020-02-28 23:12:32',0),(1388,666,'DK43_slide085_2020_01_25__8053_S1_C1.tif',6,1,18675,27915,NULL,1,'2020-02-28 23:12:32',0),(1389,666,'DK43_slide085_2020_01_25__8053_S1_C2.tif',6,2,18675,27915,NULL,1,'2020-02-28 23:12:32',0),(1390,666,'DK43_slide085_2020_01_25__8053_S2_C0.tif',12,0,20524,26069,NULL,1,'2020-02-28 23:12:32',0),(1391,666,'DK43_slide085_2020_01_25__8053_S2_C1.tif',12,1,20524,26069,NULL,1,'2020-02-28 23:12:32',0),(1392,666,'DK43_slide085_2020_01_25__8053_S2_C2.tif',12,2,20524,26069,NULL,1,'2020-02-28 23:12:32',0),(1393,666,'DK43_slide085_2020_01_25__8053_S3_C0.tif',18,0,18680,26069,NULL,1,'2020-02-28 23:12:32',0),(1394,666,'DK43_slide085_2020_01_25__8053_S3_C1.tif',18,1,18680,26069,NULL,1,'2020-02-28 23:12:32',0),(1395,666,'DK43_slide085_2020_01_25__8053_S3_C2.tif',18,2,18680,26069,NULL,1,'2020-02-28 23:12:32',0),(1396,667,'DK43_slide044_2020_02_06__8130_S0_C0.tif',0,0,31588,46431,NULL,1,'2020-02-28 23:12:46',0),(1397,667,'DK43_slide044_2020_02_06__8130_S0_C1.tif',0,1,31588,46431,NULL,1,'2020-02-28 23:12:46',0),(1398,667,'DK43_slide044_2020_02_06__8130_S0_C2.tif',0,2,31588,46431,NULL,1,'2020-02-28 23:12:46',0),(1399,667,'DK43_slide044_2020_02_06__8130_S1_C0.tif',7,0,26075,50115,NULL,1,'2020-02-28 23:12:46',0),(1400,667,'DK43_slide044_2020_02_06__8130_S1_C1.tif',7,1,26075,50115,NULL,1,'2020-02-28 23:12:46',0),(1401,667,'DK43_slide044_2020_02_06__8130_S1_C2.tif',7,2,26075,50115,NULL,1,'2020-02-28 23:12:46',0),(1402,667,'DK43_slide044_2020_02_06__8130_S2_C0.tif',14,0,24241,48275,NULL,1,'2020-02-28 23:12:46',0),(1403,667,'DK43_slide044_2020_02_06__8130_S2_C1.tif',14,1,24241,48275,NULL,1,'2020-02-28 23:12:46',0),(1404,667,'DK43_slide044_2020_02_06__8130_S2_C2.tif',14,2,24241,48275,NULL,1,'2020-02-28 23:12:46',0),(1405,667,'DK43_slide044_2020_02_06__8130_S3_C0.tif',21,0,26059,48265,NULL,1,'2020-02-28 23:12:46',0),(1406,667,'DK43_slide044_2020_02_06__8130_S3_C1.tif',21,1,26059,48265,NULL,1,'2020-02-28 23:12:46',0),(1407,667,'DK43_slide044_2020_02_06__8130_S3_C2.tif',21,2,26059,48265,NULL,1,'2020-02-28 23:12:46',0),(1408,668,'DK43_slide066_2020_01_31__8116_S0_C0.tif',0,0,27922,42717,NULL,1,'2020-02-28 23:12:57',0),(1409,668,'DK43_slide066_2020_01_31__8116_S0_C1.tif',0,1,27922,42717,NULL,1,'2020-02-28 23:12:57',0),(1410,668,'DK43_slide066_2020_01_31__8116_S0_C2.tif',0,2,27922,42717,NULL,1,'2020-02-28 23:12:57',0),(1411,668,'DK43_slide066_2020_01_31__8116_S1_C0.tif',7,0,26066,39020,NULL,1,'2020-02-28 23:12:57',0),(1412,668,'DK43_slide066_2020_01_31__8116_S1_C1.tif',7,1,26066,39020,NULL,1,'2020-02-28 23:12:57',0),(1413,668,'DK43_slide066_2020_01_31__8116_S1_C2.tif',7,2,26066,39020,NULL,1,'2020-02-28 23:12:57',0),(1414,668,'DK43_slide066_2020_01_31__8116_S2_C0.tif',14,0,26083,42711,NULL,1,'2020-02-28 23:12:57',0),(1415,668,'DK43_slide066_2020_01_31__8116_S2_C1.tif',14,1,26083,42711,NULL,1,'2020-02-28 23:12:57',0),(1416,668,'DK43_slide066_2020_01_31__8116_S2_C2.tif',14,2,26083,42711,NULL,1,'2020-02-28 23:12:57',0),(1417,668,'DK43_slide066_2020_01_31__8116_S3_C0.tif',21,0,27924,40864,NULL,1,'2020-02-28 23:12:57',0),(1418,668,'DK43_slide066_2020_01_31__8116_S3_C1.tif',21,1,27924,40864,NULL,1,'2020-02-28 23:12:57',0),(1419,668,'DK43_slide066_2020_01_31__8116_S3_C2.tif',21,2,27924,40864,NULL,1,'2020-02-28 23:12:57',0),(1420,669,'DK43_slide018_2020_01_23__7983_S0_C0.tif',0,0,26075,40859,NULL,1,'2020-02-28 23:13:08',0),(1421,669,'DK43_slide018_2020_01_23__7983_S0_C1.tif',0,1,26075,40859,NULL,1,'2020-02-28 23:13:08',0),(1422,669,'DK43_slide018_2020_01_23__7983_S0_C2.tif',0,2,26075,40859,NULL,1,'2020-02-28 23:13:08',0),(1423,669,'DK43_slide018_2020_01_23__7983_S1_C0.tif',7,0,26078,42711,NULL,1,'2020-02-28 23:13:08',0),(1424,669,'DK43_slide018_2020_01_23__7983_S1_C1.tif',7,1,26078,42711,NULL,1,'2020-02-28 23:13:08',0),(1425,669,'DK43_slide018_2020_01_23__7983_S1_C2.tif',7,2,26078,42711,NULL,1,'2020-02-28 23:13:08',0),(1426,669,'DK43_slide018_2020_01_23__7983_S2_C0.tif',14,0,27911,42719,NULL,1,'2020-02-28 23:13:08',0),(1427,669,'DK43_slide018_2020_01_23__7983_S2_C1.tif',14,1,27911,42719,NULL,1,'2020-02-28 23:13:08',0),(1428,669,'DK43_slide018_2020_01_23__7983_S2_C2.tif',14,2,27911,42719,NULL,1,'2020-02-28 23:13:08',0),(1429,669,'DK43_slide018_2020_01_23__7983_S3_C0.tif',21,0,26060,42713,NULL,1,'2020-02-28 23:13:08',0),(1430,669,'DK43_slide018_2020_01_23__7983_S3_C1.tif',21,1,26060,42713,NULL,1,'2020-02-28 23:13:08',0),(1431,669,'DK43_slide018_2020_01_23__7983_S3_C2.tif',21,2,26060,42713,NULL,1,'2020-02-28 23:13:08',0),(1432,670,'DK43_slide023_2020_01_31__8106_S0_C0.tif',0,0,26082,46402,NULL,1,'2020-02-28 23:13:21',0),(1433,670,'DK43_slide023_2020_01_31__8106_S0_C1.tif',0,1,26082,46402,NULL,1,'2020-02-28 23:13:21',0),(1434,670,'DK43_slide023_2020_01_31__8106_S0_C2.tif',0,2,26082,46402,NULL,1,'2020-02-28 23:13:21',0),(1435,670,'DK43_slide023_2020_01_31__8106_S1_C0.tif',7,0,24235,44559,NULL,1,'2020-02-28 23:13:21',0),(1436,670,'DK43_slide023_2020_01_31__8106_S1_C1.tif',7,1,24235,44559,NULL,1,'2020-02-28 23:13:21',0),(1437,670,'DK43_slide023_2020_01_31__8106_S1_C2.tif',7,2,24235,44559,NULL,1,'2020-02-28 23:13:21',0),(1438,670,'DK43_slide023_2020_01_31__8106_S2_C0.tif',14,0,26071,46404,NULL,1,'2020-02-28 23:13:21',0),(1439,670,'DK43_slide023_2020_01_31__8106_S2_C1.tif',14,1,26071,46404,NULL,1,'2020-02-28 23:13:21',0),(1440,670,'DK43_slide023_2020_01_31__8106_S2_C2.tif',14,2,26071,46404,NULL,1,'2020-02-28 23:13:21',0),(1441,670,'DK43_slide023_2020_01_31__8106_S3_C0.tif',21,0,26060,46418,NULL,1,'2020-02-28 23:13:21',0),(1442,670,'DK43_slide023_2020_01_31__8106_S3_C1.tif',21,1,26060,46418,NULL,1,'2020-02-28 23:13:21',0),(1443,670,'DK43_slide023_2020_01_31__8106_S3_C2.tif',21,2,26060,46418,NULL,1,'2020-02-28 23:13:21',0),(1444,671,'DK43_slide024_2020_01_23__7988_S0_C0.tif',0,0,22391,44555,NULL,1,'2020-02-28 23:13:32',0),(1445,671,'DK43_slide024_2020_01_23__7988_S0_C1.tif',0,1,22391,44555,NULL,1,'2020-02-28 23:13:32',0),(1446,671,'DK43_slide024_2020_01_23__7988_S0_C2.tif',0,2,22391,44555,NULL,1,'2020-02-28 23:13:32',0),(1447,671,'DK43_slide024_2020_01_23__7988_S1_C0.tif',7,0,26076,48258,NULL,1,'2020-02-28 23:13:32',0),(1448,671,'DK43_slide024_2020_01_23__7988_S1_C1.tif',7,1,26076,48258,NULL,1,'2020-02-28 23:13:32',0),(1449,671,'DK43_slide024_2020_01_23__7988_S1_C2.tif',7,2,26076,48258,NULL,1,'2020-02-28 23:13:32',0),(1450,671,'DK43_slide024_2020_01_23__7988_S2_C0.tif',14,0,24242,48254,NULL,1,'2020-02-28 23:13:32',0),(1451,671,'DK43_slide024_2020_01_23__7988_S2_C1.tif',14,1,24242,48254,NULL,1,'2020-02-28 23:13:32',0),(1452,671,'DK43_slide024_2020_01_23__7988_S2_C2.tif',14,2,24242,48254,NULL,1,'2020-02-28 23:13:32',0),(1453,671,'DK43_slide024_2020_01_23__7988_S3_C0.tif',21,0,22385,46406,NULL,1,'2020-02-28 23:13:32',0),(1454,671,'DK43_slide024_2020_01_23__7988_S3_C1.tif',21,1,22385,46406,NULL,1,'2020-02-28 23:13:32',0),(1455,671,'DK43_slide024_2020_01_23__7988_S3_C2.tif',21,2,22385,46406,NULL,1,'2020-02-28 23:13:32',0),(1456,672,'DK43_slide046_2020_01_23__8010_S0_C0.tif',0,0,26048,50106,NULL,1,'2020-02-28 23:13:45',0),(1457,672,'DK43_slide046_2020_01_23__8010_S0_C1.tif',0,1,26048,50106,NULL,1,'2020-02-28 23:13:45',0),(1458,672,'DK43_slide046_2020_01_23__8010_S0_C2.tif',0,2,26048,50106,NULL,1,'2020-02-28 23:13:45',0),(1459,672,'DK43_slide046_2020_01_23__8010_S1_C0.tif',7,0,26053,51946,NULL,1,'2020-02-28 23:13:45',0),(1460,672,'DK43_slide046_2020_01_23__8010_S1_C1.tif',7,1,26053,51946,NULL,1,'2020-02-28 23:13:45',0),(1461,672,'DK43_slide046_2020_01_23__8010_S1_C2.tif',7,2,26053,51946,NULL,1,'2020-02-28 23:13:45',0),(1462,672,'DK43_slide046_2020_01_23__8010_S2_C0.tif',14,0,24234,51953,NULL,1,'2020-02-28 23:13:45',0),(1463,672,'DK43_slide046_2020_01_23__8010_S2_C1.tif',14,1,24234,51953,NULL,1,'2020-02-28 23:13:45',0),(1464,672,'DK43_slide046_2020_01_23__8010_S2_C2.tif',14,2,24234,51953,NULL,1,'2020-02-28 23:13:45',0),(1465,672,'DK43_slide046_2020_01_23__8010_S3_C0.tif',21,0,24225,53802,NULL,1,'2020-02-28 23:13:45',0),(1466,672,'DK43_slide046_2020_01_23__8010_S3_C1.tif',21,1,24225,53802,NULL,1,'2020-02-28 23:13:45',0),(1467,672,'DK43_slide046_2020_01_23__8010_S3_C2.tif',21,2,24225,53802,NULL,1,'2020-02-28 23:13:45',0),(1468,673,'DK43_slide063_2020_01_31__8115_S0_C0.tif',0,0,24235,48263,NULL,1,'2020-02-28 23:14:01',0),(1469,673,'DK43_slide063_2020_01_31__8115_S0_C1.tif',0,1,24235,48263,NULL,1,'2020-02-28 23:14:01',0),(1470,673,'DK43_slide063_2020_01_31__8115_S0_C2.tif',0,2,24235,48263,NULL,1,'2020-02-28 23:14:01',0),(1471,673,'DK43_slide063_2020_01_31__8115_S1_C0.tif',7,0,27926,44567,NULL,1,'2020-02-28 23:14:01',0),(1472,673,'DK43_slide063_2020_01_31__8115_S1_C1.tif',7,1,27926,44567,NULL,1,'2020-02-28 23:14:01',0),(1473,673,'DK43_slide063_2020_01_31__8115_S1_C2.tif',7,2,27926,44567,NULL,1,'2020-02-28 23:14:01',0),(1474,673,'DK43_slide063_2020_01_31__8115_S2_C0.tif',14,0,24235,46413,NULL,1,'2020-02-28 23:14:01',0),(1475,673,'DK43_slide063_2020_01_31__8115_S2_C1.tif',14,1,24235,46413,NULL,1,'2020-02-28 23:14:01',0),(1476,673,'DK43_slide063_2020_01_31__8115_S2_C2.tif',14,2,24235,46413,NULL,1,'2020-02-28 23:14:01',0),(1477,673,'DK43_slide063_2020_01_31__8115_S3_C0.tif',21,0,26077,42721,NULL,1,'2020-02-28 23:14:01',0),(1478,673,'DK43_slide063_2020_01_31__8115_S3_C1.tif',21,1,26077,42721,NULL,1,'2020-02-28 23:14:01',0),(1479,673,'DK43_slide063_2020_01_31__8115_S3_C2.tif',21,2,26077,42721,NULL,1,'2020-02-28 23:14:01',0),(1480,674,'DK43_slide014_2020_01_31__8104_S0_C0.tif',0,0,26078,35322,NULL,1,'2020-02-28 23:14:13',0),(1481,674,'DK43_slide014_2020_01_31__8104_S0_C1.tif',0,1,26078,35322,NULL,1,'2020-02-28 23:14:13',0),(1482,674,'DK43_slide014_2020_01_31__8104_S0_C2.tif',0,2,26078,35322,NULL,1,'2020-02-28 23:14:13',0),(1483,674,'DK43_slide014_2020_01_31__8104_S1_C0.tif',7,0,26080,35319,NULL,1,'2020-02-28 23:14:13',0),(1484,674,'DK43_slide014_2020_01_31__8104_S1_C1.tif',7,1,26080,35319,NULL,1,'2020-02-28 23:14:13',0),(1485,674,'DK43_slide014_2020_01_31__8104_S1_C2.tif',7,2,26080,35319,NULL,1,'2020-02-28 23:14:13',0),(1486,674,'DK43_slide014_2020_01_31__8104_S2_C0.tif',14,0,26081,39009,NULL,1,'2020-02-28 23:14:13',0),(1487,674,'DK43_slide014_2020_01_31__8104_S2_C1.tif',14,1,26081,39009,NULL,1,'2020-02-28 23:14:13',0),(1488,674,'DK43_slide014_2020_01_31__8104_S2_C2.tif',14,2,26081,39009,NULL,1,'2020-02-28 23:14:13',0),(1489,674,'DK43_slide014_2020_01_31__8104_S3_C0.tif',21,0,27912,39013,NULL,1,'2020-02-28 23:14:13',0),(1490,674,'DK43_slide014_2020_01_31__8104_S3_C1.tif',21,1,27912,39013,NULL,1,'2020-02-28 23:14:13',0),(1491,674,'DK43_slide014_2020_01_31__8104_S3_C2.tif',21,2,27912,39013,NULL,1,'2020-02-28 23:14:13',0),(1492,675,'DK43_slide091_2020_01_25__8059_S0_C0.tif',0,0,16825,20536,NULL,1,'2020-02-28 23:14:19',0),(1493,675,'DK43_slide091_2020_01_25__8059_S0_C1.tif',0,1,16825,20536,NULL,1,'2020-02-28 23:14:19',0),(1494,675,'DK43_slide091_2020_01_25__8059_S0_C2.tif',0,2,16825,20536,NULL,1,'2020-02-28 23:14:19',0),(1495,675,'DK43_slide091_2020_01_25__8059_S1_C0.tif',6,0,14986,18684,NULL,1,'2020-02-28 23:14:19',0),(1496,675,'DK43_slide091_2020_01_25__8059_S1_C1.tif',6,1,14986,18684,NULL,1,'2020-02-28 23:14:19',0),(1497,675,'DK43_slide091_2020_01_25__8059_S1_C2.tif',6,2,14986,18684,NULL,1,'2020-02-28 23:14:19',0),(1498,675,'DK43_slide091_2020_01_25__8059_S2_C0.tif',12,0,14980,18676,NULL,1,'2020-02-28 23:14:19',0),(1499,675,'DK43_slide091_2020_01_25__8059_S2_C1.tif',12,1,14980,18676,NULL,1,'2020-02-28 23:14:19',0),(1500,675,'DK43_slide091_2020_01_25__8059_S2_C2.tif',12,2,14980,18676,NULL,1,'2020-02-28 23:14:19',0),(1501,675,'DK43_slide091_2020_01_25__8059_S3_C0.tif',18,0,14980,18682,NULL,1,'2020-02-28 23:14:19',0),(1502,675,'DK43_slide091_2020_01_25__8059_S3_C1.tif',18,1,14980,18682,NULL,1,'2020-02-28 23:14:19',0),(1503,675,'DK43_slide091_2020_01_25__8059_S3_C2.tif',18,2,14980,18682,NULL,1,'2020-02-28 23:14:19',0),(1504,676,'DK43_slide033_2020_01_23__7997_S0_C0.tif',0,0,24223,48259,NULL,1,'2020-02-28 23:14:30',0),(1505,676,'DK43_slide033_2020_01_23__7997_S0_C1.tif',0,1,24223,48259,NULL,1,'2020-02-28 23:14:30',0),(1506,676,'DK43_slide033_2020_01_23__7997_S0_C2.tif',0,2,24223,48259,NULL,1,'2020-02-28 23:14:30',0),(1507,676,'DK43_slide033_2020_01_23__7997_S1_C0.tif',7,0,26043,48258,NULL,1,'2020-02-28 23:14:30',0),(1508,676,'DK43_slide033_2020_01_23__7997_S1_C1.tif',7,1,26043,48258,NULL,1,'2020-02-28 23:14:30',0),(1509,676,'DK43_slide033_2020_01_23__7997_S1_C2.tif',7,2,26043,48258,NULL,1,'2020-02-28 23:14:30',0),(1510,676,'DK43_slide033_2020_01_23__7997_S2_C0.tif',14,0,26049,46419,NULL,1,'2020-02-28 23:14:30',0),(1511,676,'DK43_slide033_2020_01_23__7997_S2_C1.tif',14,1,26049,46419,NULL,1,'2020-02-28 23:14:30',0),(1512,676,'DK43_slide033_2020_01_23__7997_S2_C2.tif',14,2,26049,46419,NULL,1,'2020-02-28 23:14:30',0),(1513,676,'DK43_slide033_2020_01_23__7997_S3_C0.tif',21,0,26044,48257,NULL,1,'2020-02-28 23:14:30',0),(1514,676,'DK43_slide033_2020_01_23__7997_S3_C1.tif',21,1,26044,48257,NULL,1,'2020-02-28 23:14:30',0),(1515,676,'DK43_slide033_2020_01_23__7997_S3_C2.tif',21,2,26044,48257,NULL,1,'2020-02-28 23:14:30',0),(1516,677,'DK43_slide044_2020_01_31__8111_S0_C0.tif',0,0,33436,46429,NULL,1,'2020-02-28 23:14:45',0),(1517,677,'DK43_slide044_2020_01_31__8111_S0_C1.tif',0,1,33436,46429,NULL,1,'2020-02-28 23:14:45',0),(1518,677,'DK43_slide044_2020_01_31__8111_S0_C2.tif',0,2,33436,46429,NULL,1,'2020-02-28 23:14:45',0),(1519,677,'DK43_slide044_2020_01_31__8111_S1_C0.tif',7,0,27910,48261,NULL,1,'2020-02-28 23:14:45',0),(1520,677,'DK43_slide044_2020_01_31__8111_S1_C1.tif',7,1,27910,48261,NULL,1,'2020-02-28 23:14:45',0),(1521,677,'DK43_slide044_2020_01_31__8111_S1_C2.tif',7,2,27910,48261,NULL,1,'2020-02-28 23:14:45',0),(1522,677,'DK43_slide044_2020_01_31__8111_S2_C0.tif',14,0,25958,47799,NULL,1,'2020-02-28 23:14:45',0),(1523,677,'DK43_slide044_2020_01_31__8111_S2_C1.tif',14,1,25958,47799,NULL,1,'2020-02-28 23:14:45',0),(1524,677,'DK43_slide044_2020_01_31__8111_S2_C2.tif',14,2,25958,47799,NULL,1,'2020-02-28 23:14:45',0),(1525,677,'DK43_slide044_2020_01_31__8111_S3_C0.tif',21,0,25883,49617,NULL,1,'2020-02-28 23:14:45',0),(1526,677,'DK43_slide044_2020_01_31__8111_S3_C1.tif',21,1,25883,49617,NULL,1,'2020-02-28 23:14:45',0),(1527,677,'DK43_slide044_2020_01_31__8111_S3_C2.tif',21,2,25883,49617,NULL,1,'2020-02-28 23:14:45',0),(1528,678,'DK43_slide084_2020_01_25__8052_S0_C0.tif',0,0,18701,27923,NULL,1,'2020-02-28 23:15:05',0),(1529,678,'DK43_slide084_2020_01_25__8052_S0_C1.tif',0,1,18701,27923,NULL,1,'2020-02-28 23:15:05',0),(1530,678,'DK43_slide084_2020_01_25__8052_S0_C2.tif',0,2,18701,27923,NULL,1,'2020-02-28 23:15:05',0),(1531,678,'DK43_slide084_2020_01_25__8052_S1_C0.tif',6,0,18681,27911,NULL,1,'2020-02-28 23:15:05',0),(1532,678,'DK43_slide084_2020_01_25__8052_S1_C1.tif',6,1,18681,27911,NULL,1,'2020-02-28 23:15:05',0),(1533,678,'DK43_slide084_2020_01_25__8052_S1_C2.tif',6,2,18681,27911,NULL,1,'2020-02-28 23:15:05',0),(1534,678,'DK43_slide084_2020_01_25__8052_S2_C0.tif',12,0,16855,26072,NULL,1,'2020-02-28 23:15:05',0),(1535,678,'DK43_slide084_2020_01_25__8052_S2_C1.tif',12,1,16855,26072,NULL,1,'2020-02-28 23:15:05',0),(1536,678,'DK43_slide084_2020_01_25__8052_S2_C2.tif',12,2,16855,26072,NULL,1,'2020-02-28 23:15:05',0),(1537,678,'DK43_slide084_2020_01_25__8052_S3_C0.tif',18,0,18676,26076,NULL,1,'2020-02-28 23:15:05',0),(1538,678,'DK43_slide084_2020_01_25__8052_S3_C1.tif',18,1,18676,26076,NULL,1,'2020-02-28 23:15:05',0),(1539,678,'DK43_slide084_2020_01_25__8052_S3_C2.tif',18,2,18676,26076,NULL,1,'2020-02-28 23:15:05',0),(1540,679,'DK43_slide025_2020_01_23__7989_S0_C0.tif',0,0,22393,48253,NULL,1,'2020-02-28 23:15:20',0),(1541,679,'DK43_slide025_2020_01_23__7989_S0_C1.tif',0,1,22393,48253,NULL,1,'2020-02-28 23:15:20',0),(1542,679,'DK43_slide025_2020_01_23__7989_S0_C2.tif',0,2,22393,48253,NULL,1,'2020-02-28 23:15:20',0),(1543,679,'DK43_slide025_2020_01_23__7989_S1_C0.tif',7,0,24215,46389,NULL,1,'2020-02-28 23:15:20',0),(1544,679,'DK43_slide025_2020_01_23__7989_S1_C1.tif',7,1,24215,46389,NULL,1,'2020-02-28 23:15:20',0),(1545,679,'DK43_slide025_2020_01_23__7989_S1_C2.tif',7,2,24215,46389,NULL,1,'2020-02-28 23:15:20',0),(1546,679,'DK43_slide025_2020_01_23__7989_S2_C0.tif',14,0,26075,46385,NULL,1,'2020-02-28 23:15:20',0),(1547,679,'DK43_slide025_2020_01_23__7989_S2_C1.tif',14,1,26075,46385,NULL,1,'2020-02-28 23:15:20',0),(1548,679,'DK43_slide025_2020_01_23__7989_S2_C2.tif',14,2,26075,46385,NULL,1,'2020-02-28 23:15:20',0),(1549,679,'DK43_slide025_2020_01_23__7989_S3_C0.tif',21,0,22376,46404,NULL,1,'2020-02-28 23:15:20',0),(1550,679,'DK43_slide025_2020_01_23__7989_S3_C1.tif',21,1,22376,46404,NULL,1,'2020-02-28 23:15:20',0),(1551,679,'DK43_slide025_2020_01_23__7989_S3_C2.tif',21,2,22376,46404,NULL,1,'2020-02-28 23:15:20',0),(1552,680,'DK43_slide042_2020_01_31__8109_S0_C0.tif',0,0,27903,51962,NULL,1,'2020-02-28 23:15:34',0),(1553,680,'DK43_slide042_2020_01_31__8109_S0_C1.tif',0,1,27903,51962,NULL,1,'2020-02-28 23:15:34',0),(1554,680,'DK43_slide042_2020_01_31__8109_S0_C2.tif',0,2,27903,51962,NULL,1,'2020-02-28 23:15:34',0),(1555,680,'DK43_slide042_2020_01_31__8109_S1_C0.tif',7,0,27907,51957,NULL,1,'2020-02-28 23:15:34',0),(1556,680,'DK43_slide042_2020_01_31__8109_S1_C1.tif',7,1,27907,51957,NULL,1,'2020-02-28 23:15:34',0),(1557,680,'DK43_slide042_2020_01_31__8109_S1_C2.tif',7,2,27907,51957,NULL,1,'2020-02-28 23:15:34',0),(1558,680,'DK43_slide042_2020_01_31__8109_S2_C0.tif',14,0,26132,48296,NULL,1,'2020-02-28 23:15:34',0),(1559,680,'DK43_slide042_2020_01_31__8109_S2_C1.tif',14,1,26132,48296,NULL,1,'2020-02-28 23:15:34',0),(1560,680,'DK43_slide042_2020_01_31__8109_S2_C2.tif',14,2,26132,48296,NULL,1,'2020-02-28 23:15:34',0),(1561,680,'DK43_slide042_2020_01_31__8109_S3_C0.tif',21,0,27889,48245,NULL,1,'2020-02-28 23:15:34',0),(1562,680,'DK43_slide042_2020_01_31__8109_S3_C1.tif',21,1,27889,48245,NULL,1,'2020-02-28 23:15:34',0),(1563,680,'DK43_slide042_2020_01_31__8109_S3_C2.tif',21,2,27889,48245,NULL,1,'2020-02-28 23:15:34',0),(1564,681,'DK43_slide047_2020_01_23__8011_S0_C0.tif',0,0,26063,51964,NULL,1,'2020-02-28 23:15:48',0),(1565,681,'DK43_slide047_2020_01_23__8011_S0_C1.tif',0,1,26063,51964,NULL,1,'2020-02-28 23:15:48',0),(1566,681,'DK43_slide047_2020_01_23__8011_S0_C2.tif',0,2,26063,51964,NULL,1,'2020-02-28 23:15:48',0),(1567,681,'DK43_slide047_2020_01_23__8011_S1_C0.tif',7,0,26073,50113,NULL,1,'2020-02-28 23:15:48',0),(1568,681,'DK43_slide047_2020_01_23__8011_S1_C1.tif',7,1,26073,50113,NULL,1,'2020-02-28 23:15:48',0),(1569,681,'DK43_slide047_2020_01_23__8011_S1_C2.tif',7,2,26073,50113,NULL,1,'2020-02-28 23:15:48',0),(1570,681,'DK43_slide047_2020_01_23__8011_S2_C0.tif',14,0,27881,50116,NULL,1,'2020-02-28 23:15:48',0),(1571,681,'DK43_slide047_2020_01_23__8011_S2_C1.tif',14,1,27881,50116,NULL,1,'2020-02-28 23:15:48',0),(1572,681,'DK43_slide047_2020_01_23__8011_S2_C2.tif',14,2,27881,50116,NULL,1,'2020-02-28 23:15:48',0),(1573,681,'DK43_slide047_2020_01_23__8011_S3_C0.tif',21,0,27889,50115,NULL,1,'2020-02-28 23:15:48',0),(1574,681,'DK43_slide047_2020_01_23__8011_S3_C1.tif',21,1,27889,50115,NULL,1,'2020-02-28 23:15:48',0),(1575,681,'DK43_slide047_2020_01_23__8011_S3_C2.tif',21,2,27889,50115,NULL,1,'2020-02-28 23:15:48',0),(1576,682,'DK43_slide090_2020_01_25__8058_S0_C0.tif',0,0,16834,20526,NULL,1,'2020-02-28 23:15:54',0),(1577,682,'DK43_slide090_2020_01_25__8058_S0_C1.tif',0,1,16834,20526,NULL,1,'2020-02-28 23:15:54',0),(1578,682,'DK43_slide090_2020_01_25__8058_S0_C2.tif',0,2,16834,20526,NULL,1,'2020-02-28 23:15:54',0),(1579,682,'DK43_slide090_2020_01_25__8058_S1_C0.tif',6,0,16829,18677,NULL,1,'2020-02-28 23:15:54',0),(1580,682,'DK43_slide090_2020_01_25__8058_S1_C1.tif',6,1,16829,18677,NULL,1,'2020-02-28 23:15:54',0),(1581,682,'DK43_slide090_2020_01_25__8058_S1_C2.tif',6,2,16829,18677,NULL,1,'2020-02-28 23:15:54',0),(1582,682,'DK43_slide090_2020_01_25__8058_S2_C0.tif',12,0,14981,18660,NULL,1,'2020-02-28 23:15:54',0),(1583,682,'DK43_slide090_2020_01_25__8058_S2_C1.tif',12,1,14981,18660,NULL,1,'2020-02-28 23:15:54',0),(1584,682,'DK43_slide090_2020_01_25__8058_S2_C2.tif',12,2,14981,18660,NULL,1,'2020-02-28 23:15:54',0),(1585,682,'DK43_slide090_2020_01_25__8058_S3_C0.tif',18,0,14983,18666,NULL,1,'2020-02-28 23:15:54',0),(1586,682,'DK43_slide090_2020_01_25__8058_S3_C1.tif',18,1,14983,18666,NULL,1,'2020-02-28 23:15:54',0),(1587,682,'DK43_slide090_2020_01_25__8058_S3_C2.tif',18,2,14983,18666,NULL,1,'2020-02-28 23:15:54',0),(1588,683,'DK43_slide081_2020_01_31__8120_S0_C0.tif',0,0,20542,31615,NULL,1,'2020-02-28 23:16:03',0),(1589,683,'DK43_slide081_2020_01_31__8120_S0_C1.tif',0,1,20542,31615,NULL,1,'2020-02-28 23:16:03',0),(1590,683,'DK43_slide081_2020_01_31__8120_S0_C2.tif',0,2,20542,31615,NULL,1,'2020-02-28 23:16:03',0),(1591,683,'DK43_slide081_2020_01_31__8120_S1_C0.tif',6,0,20539,29787,NULL,1,'2020-02-28 23:16:03',0),(1592,683,'DK43_slide081_2020_01_31__8120_S1_C1.tif',6,1,20539,29787,NULL,1,'2020-02-28 23:16:03',0),(1593,683,'DK43_slide081_2020_01_31__8120_S1_C2.tif',6,2,20539,29787,NULL,1,'2020-02-28 23:16:03',0),(1594,683,'DK43_slide081_2020_01_31__8120_S2_C0.tif',12,0,22379,29770,NULL,1,'2020-02-28 23:16:03',0),(1595,683,'DK43_slide081_2020_01_31__8120_S2_C1.tif',12,1,22379,29770,NULL,1,'2020-02-28 23:16:03',0),(1596,683,'DK43_slide081_2020_01_31__8120_S2_C2.tif',12,2,22379,29770,NULL,1,'2020-02-28 23:16:03',0),(1597,683,'DK43_slide081_2020_01_31__8120_S3_C0.tif',18,0,18680,29764,NULL,1,'2020-02-28 23:16:03',0),(1598,683,'DK43_slide081_2020_01_31__8120_S3_C1.tif',18,1,18680,29764,NULL,1,'2020-02-28 23:16:03',0),(1599,683,'DK43_slide081_2020_01_31__8120_S3_C2.tif',18,2,18680,29764,NULL,1,'2020-02-28 23:16:03',0),(1600,684,'DK43_slide032_2020_01_23__7996_S0_C0.tif',0,0,20532,44563,NULL,1,'2020-02-28 23:16:32',0),(1601,684,'DK43_slide032_2020_01_23__7996_S0_C1.tif',0,1,20532,44563,NULL,1,'2020-02-28 23:16:32',0),(1602,684,'DK43_slide032_2020_01_23__7996_S0_C2.tif',0,2,20532,44563,NULL,1,'2020-02-28 23:16:32',0),(1603,684,'DK43_slide032_2020_01_23__7996_S1_C0.tif',7,0,24218,46403,NULL,1,'2020-02-28 23:16:32',0),(1604,684,'DK43_slide032_2020_01_23__7996_S1_C1.tif',7,1,24218,46403,NULL,1,'2020-02-28 23:16:32',0),(1605,684,'DK43_slide032_2020_01_23__7996_S1_C2.tif',7,2,24218,46403,NULL,1,'2020-02-28 23:16:32',0),(1606,684,'DK43_slide032_2020_01_23__7996_S2_C0.tif',14,0,22380,46407,NULL,1,'2020-02-28 23:16:32',0),(1607,684,'DK43_slide032_2020_01_23__7996_S2_C1.tif',14,1,22380,46407,NULL,1,'2020-02-28 23:16:32',0),(1608,684,'DK43_slide032_2020_01_23__7996_S2_C2.tif',14,2,22380,46407,NULL,1,'2020-02-28 23:16:32',0),(1609,684,'DK43_slide032_2020_01_23__7996_S3_C0.tif',21,0,26035,46412,NULL,1,'2020-02-28 23:16:32',0),(1610,684,'DK43_slide032_2020_01_23__7996_S3_C1.tif',21,1,26035,46412,NULL,1,'2020-02-28 23:16:32',0),(1611,684,'DK43_slide032_2020_01_23__7996_S3_C2.tif',21,2,26035,46412,NULL,1,'2020-02-28 23:16:32',0),(1612,685,'DK43_slide093_2020_01_25__8061_S0_C0.tif',0,0,16833,16836,NULL,1,'2020-02-28 23:16:46',0),(1613,685,'DK43_slide093_2020_01_25__8061_S0_C1.tif',0,1,16833,16836,NULL,1,'2020-02-28 23:16:46',0),(1614,685,'DK43_slide093_2020_01_25__8061_S0_C2.tif',0,2,16833,16836,NULL,1,'2020-02-28 23:16:46',0),(1615,685,'DK43_slide093_2020_01_25__8061_S1_C0.tif',6,0,16819,18686,NULL,1,'2020-02-28 23:16:46',0),(1616,685,'DK43_slide093_2020_01_25__8061_S1_C1.tif',6,1,16819,18686,NULL,1,'2020-02-28 23:16:46',0),(1617,685,'DK43_slide093_2020_01_25__8061_S1_C2.tif',6,2,16819,18686,NULL,1,'2020-02-28 23:16:46',0),(1618,685,'DK43_slide093_2020_01_25__8061_S2_C0.tif',12,0,16826,14976,NULL,1,'2020-02-28 23:16:46',0),(1619,685,'DK43_slide093_2020_01_25__8061_S2_C1.tif',12,1,16826,14976,NULL,1,'2020-02-28 23:16:46',0),(1620,685,'DK43_slide093_2020_01_25__8061_S2_C2.tif',12,2,16826,14976,NULL,1,'2020-02-28 23:16:46',0),(1621,685,'DK43_slide093_2020_01_25__8061_S3_C0.tif',18,0,13135,14973,NULL,1,'2020-02-28 23:16:46',0),(1622,685,'DK43_slide093_2020_01_25__8061_S3_C1.tif',18,1,13135,14973,NULL,1,'2020-02-28 23:16:46',0),(1623,685,'DK43_slide093_2020_01_25__8061_S3_C2.tif',18,2,13135,14973,NULL,1,'2020-02-28 23:16:46',0),(1624,686,'DK43_slide076_2020_01_25__8044_S0_C0.tif',0,0,22385,31620,NULL,1,'2020-02-28 23:16:55',0),(1625,686,'DK43_slide076_2020_01_25__8044_S0_C1.tif',0,1,22385,31620,NULL,1,'2020-02-28 23:16:55',0),(1626,686,'DK43_slide076_2020_01_25__8044_S0_C2.tif',0,2,22385,31620,NULL,1,'2020-02-28 23:16:55',0),(1627,686,'DK43_slide076_2020_01_25__8044_S1_C0.tif',6,0,24219,31625,NULL,1,'2020-02-28 23:16:55',0),(1628,686,'DK43_slide076_2020_01_25__8044_S1_C1.tif',6,1,24219,31625,NULL,1,'2020-02-28 23:16:55',0),(1629,686,'DK43_slide076_2020_01_25__8044_S1_C2.tif',6,2,24219,31625,NULL,1,'2020-02-28 23:16:55',0),(1630,686,'DK43_slide076_2020_01_25__8044_S2_C0.tif',12,0,24221,31624,NULL,1,'2020-02-28 23:16:55',0),(1631,686,'DK43_slide076_2020_01_25__8044_S2_C1.tif',12,1,24221,31624,NULL,1,'2020-02-28 23:16:55',0),(1632,686,'DK43_slide076_2020_01_25__8044_S2_C2.tif',12,2,24221,31624,NULL,1,'2020-02-28 23:16:55',0),(1633,686,'DK43_slide076_2020_01_25__8044_S3_C0.tif',18,0,22371,31618,NULL,1,'2020-02-28 23:16:55',0),(1634,686,'DK43_slide076_2020_01_25__8044_S3_C1.tif',18,1,22371,31618,NULL,1,'2020-02-28 23:16:55',0),(1635,686,'DK43_slide076_2020_01_25__8044_S3_C2.tif',18,2,22371,31618,NULL,1,'2020-02-28 23:16:55',0),(1636,687,'DK43_slide022_2020_01_23__7987_S0_C0.tif',0,0,24227,40871,NULL,1,'2020-02-28 23:17:07',0),(1637,687,'DK43_slide022_2020_01_23__7987_S0_C1.tif',0,1,24227,40871,NULL,1,'2020-02-28 23:17:07',0),(1638,687,'DK43_slide022_2020_01_23__7987_S0_C2.tif',0,2,24227,40871,NULL,1,'2020-02-28 23:17:07',0),(1639,687,'DK43_slide022_2020_01_23__7987_S1_C0.tif',7,0,27907,42715,NULL,1,'2020-02-28 23:17:07',0),(1640,687,'DK43_slide022_2020_01_23__7987_S1_C1.tif',7,1,27907,42715,NULL,1,'2020-02-28 23:17:07',0),(1641,687,'DK43_slide022_2020_01_23__7987_S1_C2.tif',7,2,27907,42715,NULL,1,'2020-02-28 23:17:07',0),(1642,687,'DK43_slide022_2020_01_23__7987_S2_C0.tif',14,0,27904,42716,NULL,1,'2020-02-28 23:17:07',0),(1643,687,'DK43_slide022_2020_01_23__7987_S2_C1.tif',14,1,27904,42716,NULL,1,'2020-02-28 23:17:07',0),(1644,687,'DK43_slide022_2020_01_23__7987_S2_C2.tif',14,2,27904,42716,NULL,1,'2020-02-28 23:17:07',0),(1645,687,'DK43_slide022_2020_01_23__7987_S3_C0.tif',21,0,26077,44569,NULL,1,'2020-02-28 23:17:07',0),(1646,687,'DK43_slide022_2020_01_23__7987_S3_C1.tif',21,1,26077,44569,NULL,1,'2020-02-28 23:17:07',0),(1647,687,'DK43_slide022_2020_01_23__7987_S3_C2.tif',21,2,26077,44569,NULL,1,'2020-02-28 23:17:07',0),(1648,688,'DK43_slide039_2020_01_23__8003_S0_C0.tif',0,0,24193,48263,NULL,1,'2020-02-28 23:17:19',0),(1649,688,'DK43_slide039_2020_01_23__8003_S0_C1.tif',0,1,24193,48263,NULL,1,'2020-02-28 23:17:19',0),(1650,688,'DK43_slide039_2020_01_23__8003_S0_C2.tif',0,2,24193,48263,NULL,1,'2020-02-28 23:17:19',0),(1651,688,'DK43_slide039_2020_01_23__8003_S1_C0.tif',7,0,24195,50115,NULL,1,'2020-02-28 23:17:19',0),(1652,688,'DK43_slide039_2020_01_23__8003_S1_C1.tif',7,1,24195,50115,NULL,1,'2020-02-28 23:17:19',0),(1653,688,'DK43_slide039_2020_01_23__8003_S1_C2.tif',7,2,24195,50115,NULL,1,'2020-02-28 23:17:19',0),(1654,688,'DK43_slide039_2020_01_23__8003_S2_C0.tif',14,0,24201,48259,NULL,1,'2020-02-28 23:17:19',0),(1655,688,'DK43_slide039_2020_01_23__8003_S2_C1.tif',14,1,24201,48259,NULL,1,'2020-02-28 23:17:19',0),(1656,688,'DK43_slide039_2020_01_23__8003_S2_C2.tif',14,2,24201,48259,NULL,1,'2020-02-28 23:17:19',0),(1657,688,'DK43_slide039_2020_01_23__8003_S3_C0.tif',21,0,26042,46418,NULL,1,'2020-02-28 23:17:19',0),(1658,688,'DK43_slide039_2020_01_23__8003_S3_C1.tif',21,1,26042,46418,NULL,1,'2020-02-28 23:17:19',0),(1659,688,'DK43_slide039_2020_01_23__8003_S3_C2.tif',21,2,26042,46418,NULL,1,'2020-02-28 23:17:19',0),(1660,689,'DK43_slide070_2020_01_23__8038_S0_C0.tif',0,0,24221,35308,NULL,1,'2020-02-28 23:17:30',0),(1661,689,'DK43_slide070_2020_01_23__8038_S0_C1.tif',0,1,24221,35308,NULL,1,'2020-02-28 23:17:30',0),(1662,689,'DK43_slide070_2020_01_23__8038_S0_C2.tif',0,2,24221,35308,NULL,1,'2020-02-28 23:17:30',0),(1663,689,'DK43_slide070_2020_01_23__8038_S1_C0.tif',7,0,26051,35326,NULL,1,'2020-02-28 23:17:30',0),(1664,689,'DK43_slide070_2020_01_23__8038_S1_C1.tif',7,1,26051,35326,NULL,1,'2020-02-28 23:17:30',0),(1665,689,'DK43_slide070_2020_01_23__8038_S1_C2.tif',7,2,26051,35326,NULL,1,'2020-02-28 23:17:30',0),(1666,689,'DK43_slide070_2020_01_23__8038_S2_C0.tif',14,0,24220,35314,NULL,1,'2020-02-28 23:17:30',0),(1667,689,'DK43_slide070_2020_01_23__8038_S2_C1.tif',14,1,24220,35314,NULL,1,'2020-02-28 23:17:30',0),(1668,689,'DK43_slide070_2020_01_23__8038_S2_C2.tif',14,2,24220,35314,NULL,1,'2020-02-28 23:17:30',0),(1669,689,'DK43_slide070_2020_01_23__8038_S3_C0.tif',21,0,24214,35312,NULL,1,'2020-02-28 23:17:30',0),(1670,689,'DK43_slide070_2020_01_23__8038_S3_C1.tif',21,1,24214,35312,NULL,1,'2020-02-28 23:17:30',0),(1671,689,'DK43_slide070_2020_01_23__8038_S3_C2.tif',21,2,24214,35312,NULL,1,'2020-02-28 23:17:30',0),(1672,690,'DK43_slide092_2020_01_25__8060_S0_C0.tif',0,0,29739,33463,NULL,1,'2020-02-28 23:17:37',0),(1673,690,'DK43_slide092_2020_01_25__8060_S0_C1.tif',0,1,29739,33463,NULL,1,'2020-02-28 23:17:37',0),(1674,690,'DK43_slide092_2020_01_25__8060_S0_C2.tif',0,2,29739,33463,NULL,1,'2020-02-28 23:17:37',0),(1675,690,'DK43_slide092_2020_01_25__8060_S1_C0.tif',7,0,20531,24235,NULL,1,'2020-02-28 23:17:37',0),(1676,690,'DK43_slide092_2020_01_25__8060_S1_C1.tif',7,1,20531,24235,NULL,1,'2020-02-28 23:17:37',0),(1677,690,'DK43_slide092_2020_01_25__8060_S1_C2.tif',7,2,20531,24235,NULL,1,'2020-02-28 23:17:37',0),(1678,690,'DK43_slide092_2020_01_25__8060_S2_C0.tif',13,0,20538,24230,NULL,1,'2020-02-28 23:17:37',0),(1679,690,'DK43_slide092_2020_01_25__8060_S2_C1.tif',13,1,20538,24230,NULL,1,'2020-02-28 23:17:37',0),(1680,690,'DK43_slide092_2020_01_25__8060_S2_C2.tif',13,2,20538,24230,NULL,1,'2020-02-28 23:17:37',0),(1681,690,'DK43_slide092_2020_01_25__8060_S3_C0.tif',19,0,24253,33462,NULL,1,'2020-02-28 23:17:37',0),(1682,690,'DK43_slide092_2020_01_25__8060_S3_C1.tif',19,1,24253,33462,NULL,1,'2020-02-28 23:17:37',0),(1683,690,'DK43_slide092_2020_01_25__8060_S3_C2.tif',19,2,24253,33462,NULL,1,'2020-02-28 23:17:37',0),(1684,691,'DK43_slide096_2020_01_31__8121_S0_C0.tif',0,0,13141,16837,NULL,1,'2020-02-28 23:17:44',0),(1685,691,'DK43_slide096_2020_01_31__8121_S0_C1.tif',0,1,13141,16837,NULL,1,'2020-02-28 23:17:44',0),(1686,691,'DK43_slide096_2020_01_31__8121_S0_C2.tif',0,2,13141,16837,NULL,1,'2020-02-28 23:17:44',0),(1687,691,'DK43_slide096_2020_01_31__8121_S1_C0.tif',6,0,13138,16832,NULL,1,'2020-02-28 23:17:44',0),(1688,691,'DK43_slide096_2020_01_31__8121_S1_C1.tif',6,1,13138,16832,NULL,1,'2020-02-28 23:17:44',0),(1689,691,'DK43_slide096_2020_01_31__8121_S1_C2.tif',6,2,13138,16832,NULL,1,'2020-02-28 23:17:44',0),(1690,691,'DK43_slide096_2020_01_31__8121_S2_C0.tif',12,0,14982,18684,NULL,1,'2020-02-28 23:17:44',0),(1691,691,'DK43_slide096_2020_01_31__8121_S2_C1.tif',12,1,14982,18684,NULL,1,'2020-02-28 23:17:44',0),(1692,691,'DK43_slide096_2020_01_31__8121_S2_C2.tif',12,2,14982,18684,NULL,1,'2020-02-28 23:17:44',0),(1693,691,'DK43_slide096_2020_01_31__8121_S3_C0.tif',18,0,18673,20540,NULL,1,'2020-02-28 23:17:44',0),(1694,691,'DK43_slide096_2020_01_31__8121_S3_C1.tif',18,1,18673,20540,NULL,1,'2020-02-28 23:17:44',0),(1695,691,'DK43_slide096_2020_01_31__8121_S3_C2.tif',18,2,18673,20540,NULL,1,'2020-02-28 23:17:44',0),(1696,692,'DK43_slide077_2020_01_25__8045_S0_C0.tif',0,0,22383,31620,NULL,1,'2020-02-28 23:17:52',0),(1697,692,'DK43_slide077_2020_01_25__8045_S0_C1.tif',0,1,22383,31620,NULL,1,'2020-02-28 23:17:52',0),(1698,692,'DK43_slide077_2020_01_25__8045_S0_C2.tif',0,2,22383,31620,NULL,1,'2020-02-28 23:17:52',0),(1699,692,'DK43_slide077_2020_01_25__8045_S1_C0.tif',6,0,22371,31620,NULL,1,'2020-02-28 23:17:52',0),(1700,692,'DK43_slide077_2020_01_25__8045_S1_C1.tif',6,1,22371,31620,NULL,1,'2020-02-28 23:17:52',0),(1701,692,'DK43_slide077_2020_01_25__8045_S1_C2.tif',6,2,22371,31620,NULL,1,'2020-02-28 23:17:52',0),(1702,692,'DK43_slide077_2020_01_25__8045_S2_C0.tif',12,0,24224,31617,NULL,1,'2020-02-28 23:17:52',0),(1703,692,'DK43_slide077_2020_01_25__8045_S2_C1.tif',12,1,24224,31617,NULL,1,'2020-02-28 23:17:52',0),(1704,692,'DK43_slide077_2020_01_25__8045_S2_C2.tif',12,2,24224,31617,NULL,1,'2020-02-28 23:17:52',0),(1705,692,'DK43_slide077_2020_01_25__8045_S3_C0.tif',18,0,22354,31611,NULL,1,'2020-02-28 23:17:52',0),(1706,692,'DK43_slide077_2020_01_25__8045_S3_C1.tif',18,1,22354,31611,NULL,1,'2020-02-28 23:17:52',0),(1707,692,'DK43_slide077_2020_01_25__8045_S3_C2.tif',18,2,22354,31611,NULL,1,'2020-02-28 23:17:52',0),(1708,693,'DK43_slide038_2020_01_23__8002_S0_C0.tif',0,0,26047,51961,NULL,1,'2020-02-28 23:18:06',0),(1709,693,'DK43_slide038_2020_01_23__8002_S0_C1.tif',0,1,26047,51961,NULL,1,'2020-02-28 23:18:06',0),(1710,693,'DK43_slide038_2020_01_23__8002_S0_C2.tif',0,2,26047,51961,NULL,1,'2020-02-28 23:18:06',0),(1711,693,'DK43_slide038_2020_01_23__8002_S1_C0.tif',7,0,26040,50109,NULL,1,'2020-02-28 23:18:06',0),(1712,693,'DK43_slide038_2020_01_23__8002_S1_C1.tif',7,1,26040,50109,NULL,1,'2020-02-28 23:18:06',0),(1713,693,'DK43_slide038_2020_01_23__8002_S1_C2.tif',7,2,26040,50109,NULL,1,'2020-02-28 23:18:06',0),(1714,693,'DK43_slide038_2020_01_23__8002_S2_C0.tif',14,0,27879,48265,NULL,1,'2020-02-28 23:18:06',0),(1715,693,'DK43_slide038_2020_01_23__8002_S2_C1.tif',14,1,27879,48265,NULL,1,'2020-02-28 23:18:06',0),(1716,693,'DK43_slide038_2020_01_23__8002_S2_C2.tif',14,2,27879,48265,NULL,1,'2020-02-28 23:18:06',0),(1717,693,'DK43_slide038_2020_01_23__8002_S3_C0.tif',21,0,24204,48237,NULL,1,'2020-02-28 23:18:06',0),(1718,693,'DK43_slide038_2020_01_23__8002_S3_C1.tif',21,1,24204,48237,NULL,1,'2020-02-28 23:18:06',0),(1719,693,'DK43_slide038_2020_01_23__8002_S3_C2.tif',21,2,24204,48237,NULL,1,'2020-02-28 23:18:06',0),(1720,694,'DK43_slide009_2020_01_27__8089_S0_C0.tif',0,0,22389,33463,NULL,1,'2020-02-28 23:18:16',0),(1721,694,'DK43_slide009_2020_01_27__8089_S0_C1.tif',0,1,22389,33463,NULL,1,'2020-02-28 23:18:16',0),(1722,694,'DK43_slide009_2020_01_27__8089_S0_C2.tif',0,2,22389,33463,NULL,1,'2020-02-28 23:18:16',0),(1723,694,'DK43_slide009_2020_01_27__8089_S1_C0.tif',7,0,26062,33457,NULL,1,'2020-02-28 23:18:16',0),(1724,694,'DK43_slide009_2020_01_27__8089_S1_C1.tif',7,1,26062,33457,NULL,1,'2020-02-28 23:18:16',0),(1725,694,'DK43_slide009_2020_01_27__8089_S1_C2.tif',7,2,26062,33457,NULL,1,'2020-02-28 23:18:16',0),(1726,694,'DK43_slide009_2020_01_27__8089_S2_C0.tif',14,0,22391,31614,NULL,1,'2020-02-28 23:18:16',0),(1727,694,'DK43_slide009_2020_01_27__8089_S2_C1.tif',14,1,22391,31614,NULL,1,'2020-02-28 23:18:16',0),(1728,694,'DK43_slide009_2020_01_27__8089_S2_C2.tif',14,2,22391,31614,NULL,1,'2020-02-28 23:18:16',0),(1729,694,'DK43_slide009_2020_01_27__8089_S3_C0.tif',20,0,24235,33461,NULL,1,'2020-02-28 23:18:16',0),(1730,694,'DK43_slide009_2020_01_27__8089_S3_C1.tif',20,1,24235,33461,NULL,1,'2020-02-28 23:18:16',0),(1731,694,'DK43_slide009_2020_01_27__8089_S3_C2.tif',20,2,24235,33461,NULL,1,'2020-02-28 23:18:16',0),(1732,695,'DK43_slide066_2020_01_23__8030_S0_C0.tif',0,0,26065,40865,NULL,1,'2020-02-28 23:18:27',0),(1733,695,'DK43_slide066_2020_01_23__8030_S0_C1.tif',0,1,26065,40865,NULL,1,'2020-02-28 23:18:27',0),(1734,695,'DK43_slide066_2020_01_23__8030_S0_C2.tif',0,2,26065,40865,NULL,1,'2020-02-28 23:18:27',0),(1735,695,'DK43_slide066_2020_01_23__8030_S1_C0.tif',7,0,26057,39008,NULL,1,'2020-02-28 23:18:27',0),(1736,695,'DK43_slide066_2020_01_23__8030_S1_C1.tif',7,1,26057,39008,NULL,1,'2020-02-28 23:18:27',0),(1737,695,'DK43_slide066_2020_01_23__8030_S1_C2.tif',7,2,26057,39008,NULL,1,'2020-02-28 23:18:27',0),(1738,695,'DK43_slide066_2020_01_23__8030_S2_C0.tif',14,0,24226,37159,NULL,1,'2020-02-28 23:18:27',0),(1739,695,'DK43_slide066_2020_01_23__8030_S2_C1.tif',14,1,24226,37159,NULL,1,'2020-02-28 23:18:27',0),(1740,695,'DK43_slide066_2020_01_23__8030_S2_C2.tif',14,2,24226,37159,NULL,1,'2020-02-28 23:18:27',0),(1741,695,'DK43_slide066_2020_01_23__8030_S3_C0.tif',21,0,26069,37159,NULL,1,'2020-02-28 23:18:27',0),(1742,695,'DK43_slide066_2020_01_23__8030_S3_C1.tif',21,1,26069,37159,NULL,1,'2020-02-28 23:18:27',0),(1743,695,'DK43_slide066_2020_01_23__8030_S3_C2.tif',21,2,26069,37159,NULL,1,'2020-02-28 23:18:27',0),(1744,696,'DK43_slide019_2020_01_23__7984_S0_C0.tif',0,0,26067,40869,NULL,1,'2020-02-28 23:18:37',0),(1745,696,'DK43_slide019_2020_01_23__7984_S0_C1.tif',0,1,26067,40869,NULL,1,'2020-02-28 23:18:37',0),(1746,696,'DK43_slide019_2020_01_23__7984_S0_C2.tif',0,2,26067,40869,NULL,1,'2020-02-28 23:18:37',0),(1747,696,'DK43_slide019_2020_01_23__7984_S1_C0.tif',7,0,27913,42722,NULL,1,'2020-02-28 23:18:37',0),(1748,696,'DK43_slide019_2020_01_23__7984_S1_C1.tif',7,1,27913,42722,NULL,1,'2020-02-28 23:18:37',0),(1749,696,'DK43_slide019_2020_01_23__7984_S1_C2.tif',7,2,27913,42722,NULL,1,'2020-02-28 23:18:37',0),(1750,696,'DK43_slide019_2020_01_23__7984_S2_C0.tif',14,0,26065,42708,NULL,1,'2020-02-28 23:18:37',0),(1751,696,'DK43_slide019_2020_01_23__7984_S2_C1.tif',14,1,26065,42708,NULL,1,'2020-02-28 23:18:37',0),(1752,696,'DK43_slide019_2020_01_23__7984_S2_C2.tif',14,2,26065,42708,NULL,1,'2020-02-28 23:18:37',0),(1753,696,'DK43_slide019_2020_01_23__7984_S3_C0.tif',21,0,26060,42708,NULL,1,'2020-02-28 23:18:37',0),(1754,696,'DK43_slide019_2020_01_23__7984_S3_C1.tif',21,1,26060,42708,NULL,1,'2020-02-28 23:18:37',0),(1755,696,'DK43_slide019_2020_01_23__7984_S3_C2.tif',21,2,26060,42708,NULL,1,'2020-02-28 23:18:37',0),(1756,697,'DK43_slide020_2020_01_23__7985_S0_C0.tif',0,0,26073,42697,NULL,1,'2020-02-28 23:18:48',0),(1757,697,'DK43_slide020_2020_01_23__7985_S0_C1.tif',0,1,26073,42697,NULL,1,'2020-02-28 23:18:48',0),(1758,697,'DK43_slide020_2020_01_23__7985_S0_C2.tif',0,2,26073,42697,NULL,1,'2020-02-28 23:18:48',0),(1759,697,'DK43_slide020_2020_01_23__7985_S1_C0.tif',7,0,27906,42712,NULL,1,'2020-02-28 23:18:48',0),(1760,697,'DK43_slide020_2020_01_23__7985_S1_C1.tif',7,1,27906,42712,NULL,1,'2020-02-28 23:18:48',0),(1761,697,'DK43_slide020_2020_01_23__7985_S1_C2.tif',7,2,27906,42712,NULL,1,'2020-02-28 23:18:48',0),(1762,697,'DK43_slide020_2020_01_23__7985_S2_C0.tif',14,0,26073,42694,NULL,1,'2020-02-28 23:18:48',0),(1763,697,'DK43_slide020_2020_01_23__7985_S2_C1.tif',14,1,26073,42694,NULL,1,'2020-02-28 23:18:48',0),(1764,697,'DK43_slide020_2020_01_23__7985_S2_C2.tif',14,2,26073,42694,NULL,1,'2020-02-28 23:18:48',0),(1765,697,'DK43_slide020_2020_01_23__7985_S3_C0.tif',21,0,26062,42710,NULL,1,'2020-02-28 23:18:48',0),(1766,697,'DK43_slide020_2020_01_23__7985_S3_C1.tif',21,1,26062,42710,NULL,1,'2020-02-28 23:18:48',0),(1767,697,'DK43_slide020_2020_01_23__7985_S3_C2.tif',21,2,26062,42710,NULL,1,'2020-02-28 23:18:48',0),(1768,698,'DK43_slide049_2020_01_23__8013_S0_C0.tif',0,0,29768,53805,NULL,1,'2020-02-28 23:19:05',0),(1769,698,'DK43_slide049_2020_01_23__8013_S0_C1.tif',0,1,29768,53805,NULL,1,'2020-02-28 23:19:05',0),(1770,698,'DK43_slide049_2020_01_23__8013_S0_C2.tif',0,2,29768,53805,NULL,1,'2020-02-28 23:19:05',0),(1771,698,'DK43_slide049_2020_01_23__8013_S1_C0.tif',7,0,29751,51953,NULL,1,'2020-02-28 23:19:05',0),(1772,698,'DK43_slide049_2020_01_23__8013_S1_C1.tif',7,1,29751,51953,NULL,1,'2020-02-28 23:19:05',0),(1773,698,'DK43_slide049_2020_01_23__8013_S1_C2.tif',7,2,29751,51953,NULL,1,'2020-02-28 23:19:05',0),(1774,698,'DK43_slide049_2020_01_23__8013_S2_C0.tif',14,0,27919,50098,NULL,1,'2020-02-28 23:19:05',0),(1775,698,'DK43_slide049_2020_01_23__8013_S2_C1.tif',14,1,27919,50098,NULL,1,'2020-02-28 23:19:05',0),(1776,698,'DK43_slide049_2020_01_23__8013_S2_C2.tif',14,2,27919,50098,NULL,1,'2020-02-28 23:19:05',0),(1777,698,'DK43_slide049_2020_01_23__8013_S3_C0.tif',21,0,27903,48250,NULL,1,'2020-02-28 23:19:05',0),(1778,698,'DK43_slide049_2020_01_23__8013_S3_C1.tif',21,1,27903,48250,NULL,1,'2020-02-28 23:19:05',0),(1779,698,'DK43_slide049_2020_01_23__8013_S3_C2.tif',21,2,27903,48250,NULL,1,'2020-02-28 23:19:05',0),(1780,699,'DK43_slide050_2020_01_31__8113_S0_C0.tif',0,0,26078,51960,NULL,1,'2020-02-28 23:19:20',0),(1781,699,'DK43_slide050_2020_01_31__8113_S0_C1.tif',0,1,26078,51960,NULL,1,'2020-02-28 23:19:20',0),(1782,699,'DK43_slide050_2020_01_31__8113_S0_C2.tif',0,2,26078,51960,NULL,1,'2020-02-28 23:19:20',0),(1783,699,'DK43_slide050_2020_01_31__8113_S1_C0.tif',7,0,27909,53800,NULL,1,'2020-02-28 23:19:20',0),(1784,699,'DK43_slide050_2020_01_31__8113_S1_C1.tif',7,1,27909,53800,NULL,1,'2020-02-28 23:19:20',0),(1785,699,'DK43_slide050_2020_01_31__8113_S1_C2.tif',7,2,27909,53800,NULL,1,'2020-02-28 23:19:20',0),(1786,699,'DK43_slide050_2020_01_31__8113_S2_C0.tif',14,0,26070,48243,NULL,1,'2020-02-28 23:19:20',0),(1787,699,'DK43_slide050_2020_01_31__8113_S2_C1.tif',14,1,26070,48243,NULL,1,'2020-02-28 23:19:20',0),(1788,699,'DK43_slide050_2020_01_31__8113_S2_C2.tif',14,2,26070,48243,NULL,1,'2020-02-28 23:19:20',0),(1789,699,'DK43_slide050_2020_01_31__8113_S3_C0.tif',21,0,26071,53798,NULL,1,'2020-02-28 23:19:20',0),(1790,699,'DK43_slide050_2020_01_31__8113_S3_C1.tif',21,1,26071,53798,NULL,1,'2020-02-28 23:19:20',0),(1791,699,'DK43_slide050_2020_01_31__8113_S3_C2.tif',21,2,26071,53798,NULL,1,'2020-02-28 23:19:20',0),(1792,700,'DK43_slide071_2020_01_25__8039_S0_C0.tif',0,0,26069,35328,NULL,1,'2020-02-28 23:19:29',0),(1793,700,'DK43_slide071_2020_01_25__8039_S0_C1.tif',0,1,26069,35328,NULL,1,'2020-02-28 23:19:29',0),(1794,700,'DK43_slide071_2020_01_25__8039_S0_C2.tif',0,2,26069,35328,NULL,1,'2020-02-28 23:19:29',0),(1795,700,'DK43_slide071_2020_01_25__8039_S1_C0.tif',7,0,24225,35330,NULL,1,'2020-02-28 23:19:29',0),(1796,700,'DK43_slide071_2020_01_25__8039_S1_C1.tif',7,1,24225,35330,NULL,1,'2020-02-28 23:19:29',0),(1797,700,'DK43_slide071_2020_01_25__8039_S1_C2.tif',7,2,24225,35330,NULL,1,'2020-02-28 23:19:29',0),(1798,700,'DK43_slide071_2020_01_25__8039_S2_C0.tif',14,0,24217,33476,NULL,1,'2020-02-28 23:19:29',0),(1799,700,'DK43_slide071_2020_01_25__8039_S2_C1.tif',14,1,24217,33476,NULL,1,'2020-02-28 23:19:29',0),(1800,700,'DK43_slide071_2020_01_25__8039_S2_C2.tif',14,2,24217,33476,NULL,1,'2020-02-28 23:19:29',0),(1801,700,'DK43_slide071_2020_01_25__8039_S3_C0.tif',21,0,22366,35321,NULL,1,'2020-02-28 23:19:29',0),(1802,700,'DK43_slide071_2020_01_25__8039_S3_C1.tif',21,1,22366,35321,NULL,1,'2020-02-28 23:19:29',0),(1803,700,'DK43_slide071_2020_01_25__8039_S3_C2.tif',21,2,22366,35321,NULL,1,'2020-02-28 23:19:29',0),(1804,701,'DK43_slide097_2020_01_27__8091_S0_C0.tif',0,0,11249,13059,NULL,1,'2020-02-28 23:19:34',0),(1805,701,'DK43_slide097_2020_01_27__8091_S0_C1.tif',0,1,11249,13059,NULL,1,'2020-02-28 23:19:34',0),(1806,701,'DK43_slide097_2020_01_27__8091_S0_C2.tif',0,2,11249,13059,NULL,1,'2020-02-28 23:19:34',0),(1807,701,'DK43_slide097_2020_01_27__8091_S1_C0.tif',5,0,11288,11292,NULL,1,'2020-02-28 23:19:34',0),(1808,701,'DK43_slide097_2020_01_27__8091_S1_C1.tif',5,1,11288,11292,NULL,1,'2020-02-28 23:19:34',0),(1809,701,'DK43_slide097_2020_01_27__8091_S1_C2.tif',5,2,11288,11292,NULL,1,'2020-02-28 23:19:34',0),(1810,701,'DK43_slide097_2020_01_27__8091_S2_C0.tif',10,0,11286,11285,NULL,1,'2020-02-28 23:19:34',0),(1811,701,'DK43_slide097_2020_01_27__8091_S2_C1.tif',10,1,11286,11285,NULL,1,'2020-02-28 23:19:34',0),(1812,701,'DK43_slide097_2020_01_27__8091_S2_C2.tif',10,2,11286,11285,NULL,1,'2020-02-28 23:19:34',0),(1813,701,'DK43_slide097_2020_01_27__8091_S3_C0.tif',15,0,9436,11283,NULL,1,'2020-02-28 23:19:34',0),(1814,701,'DK43_slide097_2020_01_27__8091_S3_C1.tif',15,1,9436,11283,NULL,1,'2020-02-28 23:19:34',0),(1815,701,'DK43_slide097_2020_01_27__8091_S3_C2.tif',15,2,9436,11283,NULL,1,'2020-02-28 23:19:34',0),(1816,702,'DK43_slide008_2020_01_27__8088_S0_C0.tif',0,0,26062,33458,NULL,1,'2020-02-28 23:19:44',0),(1817,702,'DK43_slide008_2020_01_27__8088_S0_C1.tif',0,1,26062,33458,NULL,1,'2020-02-28 23:19:44',0),(1818,702,'DK43_slide008_2020_01_27__8088_S0_C2.tif',0,2,26062,33458,NULL,1,'2020-02-28 23:19:44',0),(1819,702,'DK43_slide008_2020_01_27__8088_S1_C0.tif',7,0,24214,31616,NULL,1,'2020-02-28 23:19:44',0),(1820,702,'DK43_slide008_2020_01_27__8088_S1_C1.tif',7,1,24214,31616,NULL,1,'2020-02-28 23:19:44',0),(1821,702,'DK43_slide008_2020_01_27__8088_S1_C2.tif',7,2,24214,31616,NULL,1,'2020-02-28 23:19:44',0),(1822,702,'DK43_slide008_2020_01_27__8088_S2_C0.tif',13,0,24211,31630,NULL,1,'2020-02-28 23:19:44',0),(1823,702,'DK43_slide008_2020_01_27__8088_S2_C1.tif',13,1,24211,31630,NULL,1,'2020-02-28 23:19:44',0),(1824,702,'DK43_slide008_2020_01_27__8088_S2_C2.tif',13,2,24211,31630,NULL,1,'2020-02-28 23:19:44',0),(1825,702,'DK43_slide008_2020_01_27__8088_S3_C0.tif',19,0,24213,31595,NULL,1,'2020-02-28 23:19:44',0),(1826,702,'DK43_slide008_2020_01_27__8088_S3_C1.tif',19,1,24213,31595,NULL,1,'2020-02-28 23:19:44',0),(1827,702,'DK43_slide008_2020_01_27__8088_S3_C2.tif',19,2,24213,31595,NULL,1,'2020-02-28 23:19:44',0),(1828,703,'DK43_slide048_2020_01_23__8012_S0_C0.tif',0,0,26055,48260,NULL,1,'2020-02-28 23:19:57',0),(1829,703,'DK43_slide048_2020_01_23__8012_S0_C1.tif',0,1,26055,48260,NULL,1,'2020-02-28 23:19:57',0),(1830,703,'DK43_slide048_2020_01_23__8012_S0_C2.tif',0,2,26055,48260,NULL,1,'2020-02-28 23:19:57',0),(1831,703,'DK43_slide048_2020_01_23__8012_S1_C0.tif',7,0,26041,50103,NULL,1,'2020-02-28 23:19:57',0),(1832,703,'DK43_slide048_2020_01_23__8012_S1_C1.tif',7,1,26041,50103,NULL,1,'2020-02-28 23:19:57',0),(1833,703,'DK43_slide048_2020_01_23__8012_S1_C2.tif',7,2,26041,50103,NULL,1,'2020-02-28 23:19:57',0),(1834,703,'DK43_slide048_2020_01_23__8012_S2_C0.tif',14,0,27880,50107,NULL,1,'2020-02-28 23:19:57',0),(1835,703,'DK43_slide048_2020_01_23__8012_S2_C1.tif',14,1,27880,50107,NULL,1,'2020-02-28 23:19:57',0),(1836,703,'DK43_slide048_2020_01_23__8012_S2_C2.tif',14,2,27880,50107,NULL,1,'2020-02-28 23:19:57',0),(1837,703,'DK43_slide048_2020_01_23__8012_S3_C0.tif',21,0,27886,48258,NULL,1,'2020-02-28 23:19:57',0),(1838,703,'DK43_slide048_2020_01_23__8012_S3_C1.tif',21,1,27886,48258,NULL,1,'2020-02-28 23:19:57',0),(1839,703,'DK43_slide048_2020_01_23__8012_S3_C2.tif',21,2,27886,48258,NULL,1,'2020-02-28 23:19:57',0),(1840,704,'DK43_slide027_2020_01_31__8108_S0_C0.tif',0,0,26060,48258,NULL,1,'2020-02-28 23:20:09',0),(1841,704,'DK43_slide027_2020_01_31__8108_S0_C1.tif',0,1,26060,48258,NULL,1,'2020-02-28 23:20:09',0),(1842,704,'DK43_slide027_2020_01_31__8108_S0_C2.tif',0,2,26060,48258,NULL,1,'2020-02-28 23:20:09',0),(1843,704,'DK43_slide027_2020_01_31__8108_S1_C0.tif',7,0,24232,48254,NULL,1,'2020-02-28 23:20:09',0),(1844,704,'DK43_slide027_2020_01_31__8108_S1_C1.tif',7,1,24232,48254,NULL,1,'2020-02-28 23:20:09',0),(1845,704,'DK43_slide027_2020_01_31__8108_S1_C2.tif',7,2,24232,48254,NULL,1,'2020-02-28 23:20:09',0),(1846,704,'DK43_slide027_2020_01_31__8108_S2_C0.tif',14,0,24240,46407,NULL,1,'2020-02-28 23:20:09',0),(1847,704,'DK43_slide027_2020_01_31__8108_S2_C1.tif',14,1,24240,46407,NULL,1,'2020-02-28 23:20:09',0),(1848,704,'DK43_slide027_2020_01_31__8108_S2_C2.tif',14,2,24240,46407,NULL,1,'2020-02-28 23:20:09',0),(1849,704,'DK43_slide027_2020_01_31__8108_S3_C0.tif',21,0,24189,51397,NULL,1,'2020-02-28 23:20:09',0),(1850,704,'DK43_slide027_2020_01_31__8108_S3_C1.tif',21,1,24189,51397,NULL,1,'2020-02-28 23:20:09',0),(1851,704,'DK43_slide027_2020_01_31__8108_S3_C2.tif',21,2,24189,51397,NULL,1,'2020-02-28 23:20:09',0),(1852,705,'DK43_slide053_2020_01_23__8017_S0_C0.tif',0,0,27920,50100,NULL,1,'2020-02-28 23:20:24',0),(1853,705,'DK43_slide053_2020_01_23__8017_S0_C1.tif',0,1,27920,50100,NULL,1,'2020-02-28 23:20:24',0),(1854,705,'DK43_slide053_2020_01_23__8017_S0_C2.tif',0,2,27920,50100,NULL,1,'2020-02-28 23:20:24',0),(1855,705,'DK43_slide053_2020_01_23__8017_S1_C0.tif',7,0,29767,48244,NULL,1,'2020-02-28 23:20:24',0),(1856,705,'DK43_slide053_2020_01_23__8017_S1_C1.tif',7,1,29767,48244,NULL,1,'2020-02-28 23:20:24',0),(1857,705,'DK43_slide053_2020_01_23__8017_S1_C2.tif',7,2,29767,48244,NULL,1,'2020-02-28 23:20:24',0),(1858,705,'DK43_slide053_2020_01_23__8017_S2_C0.tif',14,0,27927,50108,NULL,1,'2020-02-28 23:20:24',0),(1859,705,'DK43_slide053_2020_01_23__8017_S2_C1.tif',14,1,27927,50108,NULL,1,'2020-02-28 23:20:24',0),(1860,705,'DK43_slide053_2020_01_23__8017_S2_C2.tif',14,2,27927,50108,NULL,1,'2020-02-28 23:20:24',0),(1861,705,'DK43_slide053_2020_01_23__8017_S3_C0.tif',21,0,29753,48255,NULL,1,'2020-02-28 23:20:24',0),(1862,705,'DK43_slide053_2020_01_23__8017_S3_C1.tif',21,1,29753,48255,NULL,1,'2020-02-28 23:20:24',0),(1863,705,'DK43_slide053_2020_01_23__8017_S3_C2.tif',21,2,29753,48255,NULL,1,'2020-02-28 23:20:24',0),(1864,706,'DK43_slide059_2020_01_23__8023_S0_C0.tif',0,0,27948,50125,NULL,1,'2020-02-28 23:20:38',0),(1865,706,'DK43_slide059_2020_01_23__8023_S0_C1.tif',0,1,27948,50125,NULL,1,'2020-02-28 23:20:38',0),(1866,706,'DK43_slide059_2020_01_23__8023_S0_C2.tif',0,2,27948,50125,NULL,1,'2020-02-28 23:20:38',0),(1867,706,'DK43_slide059_2020_01_23__8023_S1_C0.tif',7,0,27933,48271,NULL,1,'2020-02-28 23:20:38',0),(1868,706,'DK43_slide059_2020_01_23__8023_S1_C1.tif',7,1,27933,48271,NULL,1,'2020-02-28 23:20:38',0),(1869,706,'DK43_slide059_2020_01_23__8023_S1_C2.tif',7,2,27933,48271,NULL,1,'2020-02-28 23:20:38',0),(1870,706,'DK43_slide059_2020_01_23__8023_S2_C0.tif',14,0,27924,48268,NULL,1,'2020-02-28 23:20:38',0),(1871,706,'DK43_slide059_2020_01_23__8023_S2_C1.tif',14,1,27924,48268,NULL,1,'2020-02-28 23:20:38',0),(1872,706,'DK43_slide059_2020_01_23__8023_S2_C2.tif',14,2,27924,48268,NULL,1,'2020-02-28 23:20:38',0),(1873,706,'DK43_slide059_2020_01_23__8023_S3_C0.tif',21,0,27924,48265,NULL,1,'2020-02-28 23:20:38',0),(1874,706,'DK43_slide059_2020_01_23__8023_S3_C1.tif',21,1,27924,48265,NULL,1,'2020-02-28 23:20:38',0),(1875,706,'DK43_slide059_2020_01_23__8023_S3_C2.tif',21,2,27924,48265,NULL,1,'2020-02-28 23:20:38',0),(1876,707,'DK43_slide026_2020_01_23__7990_S0_C0.tif',0,0,22398,44563,NULL,1,'2020-02-28 23:20:49',0),(1877,707,'DK43_slide026_2020_01_23__7990_S0_C1.tif',0,1,22398,44563,NULL,1,'2020-02-28 23:20:49',0),(1878,707,'DK43_slide026_2020_01_23__7990_S0_C2.tif',0,2,22398,44563,NULL,1,'2020-02-28 23:20:49',0),(1879,707,'DK43_slide026_2020_01_23__7990_S1_C0.tif',7,0,24231,46385,NULL,1,'2020-02-28 23:20:49',0),(1880,707,'DK43_slide026_2020_01_23__7990_S1_C1.tif',7,1,24231,46385,NULL,1,'2020-02-28 23:20:49',0),(1881,707,'DK43_slide026_2020_01_23__7990_S1_C2.tif',7,2,24231,46385,NULL,1,'2020-02-28 23:20:49',0),(1882,707,'DK43_slide026_2020_01_23__7990_S2_C0.tif',14,0,24223,46382,NULL,1,'2020-02-28 23:20:49',0),(1883,707,'DK43_slide026_2020_01_23__7990_S2_C1.tif',14,1,24223,46382,NULL,1,'2020-02-28 23:20:49',0),(1884,707,'DK43_slide026_2020_01_23__7990_S2_C2.tif',14,2,24223,46382,NULL,1,'2020-02-28 23:20:49',0),(1885,707,'DK43_slide026_2020_01_23__7990_S3_C0.tif',21,0,22383,40856,NULL,1,'2020-02-28 23:20:49',0),(1886,707,'DK43_slide026_2020_01_23__7990_S3_C1.tif',21,1,22383,40856,NULL,1,'2020-02-28 23:20:49',0),(1887,707,'DK43_slide026_2020_01_23__7990_S3_C2.tif',21,2,22383,40856,NULL,1,'2020-02-28 23:20:49',0),(1888,708,'DK43_slide044_2020_01_23__8008_S0_C0.tif',0,0,31582,44579,NULL,1,'2020-02-28 23:21:00',0),(1889,708,'DK43_slide044_2020_01_23__8008_S0_C1.tif',0,1,31582,44579,NULL,1,'2020-02-28 23:21:00',0),(1890,708,'DK43_slide044_2020_01_23__8008_S0_C2.tif',0,2,31582,44579,NULL,1,'2020-02-28 23:21:00',0),(1891,708,'DK43_slide044_2020_01_23__8008_S1_C0.tif',7,0,26056,48255,NULL,1,'2020-02-28 23:21:00',0),(1892,708,'DK43_slide044_2020_01_23__8008_S1_C1.tif',7,1,26056,48255,NULL,1,'2020-02-28 23:21:00',0),(1893,708,'DK43_slide044_2020_01_23__8008_S1_C2.tif',7,2,26056,48255,NULL,1,'2020-02-28 23:21:00',0),(1894,708,'DK43_slide044_2020_01_23__8008_S2_C0.tif',14,0,25807,49486,NULL,1,'2020-02-28 23:21:00',0),(1895,708,'DK43_slide044_2020_01_23__8008_S2_C1.tif',14,1,25807,49486,NULL,1,'2020-02-28 23:21:00',0),(1896,708,'DK43_slide044_2020_01_23__8008_S2_C2.tif',14,2,25807,49486,NULL,1,'2020-02-28 23:21:00',0),(1897,709,'DK43_slide041_2020_01_23__8005_S0_C0.tif',0,0,26055,48269,NULL,1,'2020-02-28 23:21:13',0),(1898,709,'DK43_slide041_2020_01_23__8005_S0_C1.tif',0,1,26055,48269,NULL,1,'2020-02-28 23:21:13',0),(1899,709,'DK43_slide041_2020_01_23__8005_S0_C2.tif',0,2,26055,48269,NULL,1,'2020-02-28 23:21:13',0),(1900,709,'DK43_slide041_2020_01_23__8005_S1_C0.tif',7,0,26048,50112,NULL,1,'2020-02-28 23:21:13',0),(1901,709,'DK43_slide041_2020_01_23__8005_S1_C1.tif',7,1,26048,50112,NULL,1,'2020-02-28 23:21:13',0),(1902,709,'DK43_slide041_2020_01_23__8005_S1_C2.tif',7,2,26048,50112,NULL,1,'2020-02-28 23:21:13',0),(1903,709,'DK43_slide041_2020_01_23__8005_S2_C0.tif',14,0,24224,51958,NULL,1,'2020-02-28 23:21:13',0),(1904,709,'DK43_slide041_2020_01_23__8005_S2_C1.tif',14,1,24224,51958,NULL,1,'2020-02-28 23:21:13',0),(1905,709,'DK43_slide041_2020_01_23__8005_S2_C2.tif',14,2,24224,51958,NULL,1,'2020-02-28 23:21:13',0),(1906,709,'DK43_slide041_2020_01_23__8005_S3_C0.tif',21,0,26054,46404,NULL,1,'2020-02-28 23:21:13',0),(1907,709,'DK43_slide041_2020_01_23__8005_S3_C1.tif',21,1,26054,46404,NULL,1,'2020-02-28 23:21:13',0),(1908,709,'DK43_slide041_2020_01_23__8005_S3_C2.tif',21,2,26054,46404,NULL,1,'2020-02-28 23:21:13',0),(1909,710,'DK43_slide074_2020_01_25__8042_S0_C0.tif',0,0,24229,35324,NULL,1,'2020-02-28 23:21:24',0),(1910,710,'DK43_slide074_2020_01_25__8042_S0_C1.tif',0,1,24229,35324,NULL,1,'2020-02-28 23:21:24',0),(1911,710,'DK43_slide074_2020_01_25__8042_S0_C2.tif',0,2,24229,35324,NULL,1,'2020-02-28 23:21:24',0),(1912,710,'DK43_slide074_2020_01_25__8042_S1_C0.tif',7,0,24225,35328,NULL,1,'2020-02-28 23:21:24',0),(1913,710,'DK43_slide074_2020_01_25__8042_S1_C1.tif',7,1,24225,35328,NULL,1,'2020-02-28 23:21:24',0),(1914,710,'DK43_slide074_2020_01_25__8042_S1_C2.tif',7,2,24225,35328,NULL,1,'2020-02-28 23:21:24',0),(1915,710,'DK43_slide074_2020_01_25__8042_S2_C0.tif',14,0,24219,33465,NULL,1,'2020-02-28 23:21:24',0),(1916,710,'DK43_slide074_2020_01_25__8042_S2_C1.tif',14,1,24219,33465,NULL,1,'2020-02-28 23:21:24',0),(1917,710,'DK43_slide074_2020_01_25__8042_S2_C2.tif',14,2,24219,33465,NULL,1,'2020-02-28 23:21:24',0),(1918,710,'DK43_slide074_2020_01_25__8042_S3_C0.tif',21,0,24222,33471,NULL,1,'2020-02-28 23:21:24',0),(1919,710,'DK43_slide074_2020_01_25__8042_S3_C1.tif',21,1,24222,33471,NULL,1,'2020-02-28 23:21:24',0),(1920,710,'DK43_slide074_2020_01_25__8042_S3_C2.tif',21,2,24222,33471,NULL,1,'2020-02-28 23:21:24',0),(1921,711,'DK43_slide007_2020_01_27__8087_S0_C0.tif',0,0,22396,31610,NULL,1,'2020-02-28 23:21:34',0),(1922,711,'DK43_slide007_2020_01_27__8087_S0_C1.tif',0,1,22396,31610,NULL,1,'2020-02-28 23:21:34',0),(1923,711,'DK43_slide007_2020_01_27__8087_S0_C2.tif',0,2,22396,31610,NULL,1,'2020-02-28 23:21:34',0),(1924,711,'DK43_slide007_2020_01_27__8087_S1_C0.tif',6,0,22369,31611,NULL,1,'2020-02-28 23:21:34',0),(1925,711,'DK43_slide007_2020_01_27__8087_S1_C1.tif',6,1,22369,31611,NULL,1,'2020-02-28 23:21:34',0),(1926,711,'DK43_slide007_2020_01_27__8087_S1_C2.tif',6,2,22369,31611,NULL,1,'2020-02-28 23:21:34',0),(1927,711,'DK43_slide007_2020_01_27__8087_S2_C0.tif',12,0,22380,31611,NULL,1,'2020-02-28 23:21:34',0),(1928,711,'DK43_slide007_2020_01_27__8087_S2_C1.tif',12,1,22380,31611,NULL,1,'2020-02-28 23:21:34',0),(1929,711,'DK43_slide007_2020_01_27__8087_S2_C2.tif',12,2,22380,31611,NULL,1,'2020-02-28 23:21:34',0),(1930,711,'DK43_slide007_2020_01_27__8087_S3_C0.tif',18,0,22368,33452,NULL,1,'2020-02-28 23:21:34',0),(1931,711,'DK43_slide007_2020_01_27__8087_S3_C1.tif',18,1,22368,33452,NULL,1,'2020-02-28 23:21:34',0),(1932,711,'DK43_slide007_2020_01_27__8087_S3_C2.tif',18,2,22368,33452,NULL,1,'2020-02-28 23:21:34',0),(1933,712,'DK43_slide072_2020_02_06__8131_S0_C0.tif',0,0,26074,33482,NULL,1,'2020-02-28 23:21:45',0),(1934,712,'DK43_slide072_2020_02_06__8131_S0_C1.tif',0,1,26074,33482,NULL,1,'2020-02-28 23:21:45',0),(1935,712,'DK43_slide072_2020_02_06__8131_S0_C2.tif',0,2,26074,33482,NULL,1,'2020-02-28 23:21:45',0),(1936,712,'DK43_slide072_2020_02_06__8131_S1_C0.tif',7,0,24224,33475,NULL,1,'2020-02-28 23:21:45',0),(1937,712,'DK43_slide072_2020_02_06__8131_S1_C1.tif',7,1,24224,33475,NULL,1,'2020-02-28 23:21:45',0),(1938,712,'DK43_slide072_2020_02_06__8131_S1_C2.tif',7,2,24224,33475,NULL,1,'2020-02-28 23:21:45',0),(1939,712,'DK43_slide072_2020_02_06__8131_S2_C0.tif',14,0,24233,33471,NULL,1,'2020-02-28 23:21:45',0),(1940,712,'DK43_slide072_2020_02_06__8131_S2_C1.tif',14,1,24233,33471,NULL,1,'2020-02-28 23:21:45',0),(1941,712,'DK43_slide072_2020_02_06__8131_S2_C2.tif',14,2,24233,33471,NULL,1,'2020-02-28 23:21:45',0),(1942,712,'DK43_slide072_2020_02_06__8131_S3_C0.tif',21,0,24230,33480,NULL,1,'2020-02-28 23:21:45',0),(1943,712,'DK43_slide072_2020_02_06__8131_S3_C1.tif',21,1,24230,33480,NULL,1,'2020-02-28 23:21:45',0),(1944,712,'DK43_slide072_2020_02_06__8131_S3_C2.tif',21,2,24230,33480,NULL,1,'2020-02-28 23:21:45',0),(1945,713,'DK43_slide067_2020_01_23__8035_S0_C0.tif',0,0,27911,37186,NULL,1,'2020-02-28 23:21:56',0),(1946,713,'DK43_slide067_2020_01_23__8035_S0_C1.tif',0,1,27911,37186,NULL,1,'2020-02-28 23:21:56',0),(1947,713,'DK43_slide067_2020_01_23__8035_S0_C2.tif',0,2,27911,37186,NULL,1,'2020-02-28 23:21:56',0),(1948,713,'DK43_slide067_2020_01_23__8035_S1_C0.tif',7,0,24231,39017,NULL,1,'2020-02-28 23:21:56',0),(1949,713,'DK43_slide067_2020_01_23__8035_S1_C1.tif',7,1,24231,39017,NULL,1,'2020-02-28 23:21:56',0),(1950,713,'DK43_slide067_2020_01_23__8035_S1_C2.tif',7,2,24231,39017,NULL,1,'2020-02-28 23:21:56',0),(1951,713,'DK43_slide067_2020_01_23__8035_S2_C0.tif',14,0,24232,37170,NULL,1,'2020-02-28 23:21:56',0),(1952,713,'DK43_slide067_2020_01_23__8035_S2_C1.tif',14,1,24232,37170,NULL,1,'2020-02-28 23:21:56',0),(1953,713,'DK43_slide067_2020_01_23__8035_S2_C2.tif',14,2,24232,37170,NULL,1,'2020-02-28 23:21:56',0),(1954,713,'DK43_slide067_2020_01_23__8035_S3_C0.tif',21,0,26065,39026,NULL,1,'2020-02-28 23:21:56',0),(1955,713,'DK43_slide067_2020_01_23__8035_S3_C1.tif',21,1,26065,39026,NULL,1,'2020-02-28 23:21:56',0),(1956,713,'DK43_slide067_2020_01_23__8035_S3_C2.tif',21,2,26065,39026,NULL,1,'2020-02-28 23:21:56',0),(1957,714,'DK43_slide052_2020_01_23__8016_S0_C0.tif',0,0,27924,51954,NULL,1,'2020-02-28 23:22:10',0),(1958,714,'DK43_slide052_2020_01_23__8016_S0_C1.tif',0,1,27924,51954,NULL,1,'2020-02-28 23:22:10',0),(1959,714,'DK43_slide052_2020_01_23__8016_S0_C2.tif',0,2,27924,51954,NULL,1,'2020-02-28 23:22:10',0),(1960,714,'DK43_slide052_2020_01_23__8016_S1_C0.tif',7,0,27930,50112,NULL,1,'2020-02-28 23:22:10',0),(1961,714,'DK43_slide052_2020_01_23__8016_S1_C1.tif',7,1,27930,50112,NULL,1,'2020-02-28 23:22:10',0),(1962,714,'DK43_slide052_2020_01_23__8016_S1_C2.tif',7,2,27930,50112,NULL,1,'2020-02-28 23:22:10',0),(1963,714,'DK43_slide052_2020_01_23__8016_S2_C0.tif',14,0,29773,50100,NULL,1,'2020-02-28 23:22:10',0),(1964,714,'DK43_slide052_2020_01_23__8016_S2_C1.tif',14,1,29773,50100,NULL,1,'2020-02-28 23:22:10',0),(1965,714,'DK43_slide052_2020_01_23__8016_S2_C2.tif',14,2,29773,50100,NULL,1,'2020-02-28 23:22:10',0),(1966,714,'DK43_slide052_2020_01_23__8016_S3_C0.tif',21,0,27921,50108,NULL,1,'2020-02-28 23:22:10',0),(1967,714,'DK43_slide052_2020_01_23__8016_S3_C1.tif',21,1,27921,50108,NULL,1,'2020-02-28 23:22:10',0),(1968,714,'DK43_slide052_2020_01_23__8016_S3_C2.tif',21,2,27921,50108,NULL,1,'2020-02-28 23:22:10',0),(1969,715,'DK43_slide058_2020_01_23__8022_S0_C0.tif',0,0,27912,50101,NULL,1,'2020-02-28 23:22:24',0),(1970,715,'DK43_slide058_2020_01_23__8022_S0_C1.tif',0,1,27912,50101,NULL,1,'2020-02-28 23:22:24',0),(1971,715,'DK43_slide058_2020_01_23__8022_S0_C2.tif',0,2,27912,50101,NULL,1,'2020-02-28 23:22:24',0),(1972,715,'DK43_slide058_2020_01_23__8022_S1_C0.tif',7,0,27917,48256,NULL,1,'2020-02-28 23:22:24',0),(1973,715,'DK43_slide058_2020_01_23__8022_S1_C1.tif',7,1,27917,48256,NULL,1,'2020-02-28 23:22:24',0),(1974,715,'DK43_slide058_2020_01_23__8022_S1_C2.tif',7,2,27917,48256,NULL,1,'2020-02-28 23:22:24',0),(1975,715,'DK43_slide058_2020_01_23__8022_S2_C0.tif',14,0,27935,48255,NULL,1,'2020-02-28 23:22:24',0),(1976,715,'DK43_slide058_2020_01_23__8022_S2_C1.tif',14,1,27935,48255,NULL,1,'2020-02-28 23:22:24',0),(1977,715,'DK43_slide058_2020_01_23__8022_S2_C2.tif',14,2,27935,48255,NULL,1,'2020-02-28 23:22:24',0),(1978,715,'DK43_slide058_2020_01_23__8022_S3_C0.tif',21,0,27917,46413,NULL,1,'2020-02-28 23:22:24',0),(1979,715,'DK43_slide058_2020_01_23__8022_S3_C1.tif',21,1,27917,46413,NULL,1,'2020-02-28 23:22:24',0),(1980,715,'DK43_slide058_2020_01_23__8022_S3_C2.tif',21,2,27917,46413,NULL,1,'2020-02-28 23:22:24',0),(1981,716,'DK43_slide016_2020_01_23__7982_S0_C0.tif',0,0,26089,39025,NULL,1,'2020-02-28 23:22:35',0),(1982,716,'DK43_slide016_2020_01_23__7982_S0_C1.tif',0,1,26089,39025,NULL,1,'2020-02-28 23:22:35',0),(1983,716,'DK43_slide016_2020_01_23__7982_S0_C2.tif',0,2,26089,39025,NULL,1,'2020-02-28 23:22:35',0),(1984,716,'DK43_slide016_2020_01_23__7982_S1_C0.tif',7,0,26075,39012,NULL,1,'2020-02-28 23:22:35',0),(1985,716,'DK43_slide016_2020_01_23__7982_S1_C1.tif',7,1,26075,39012,NULL,1,'2020-02-28 23:22:35',0),(1986,716,'DK43_slide016_2020_01_23__7982_S1_C2.tif',7,2,26075,39012,NULL,1,'2020-02-28 23:22:35',0),(1987,716,'DK43_slide016_2020_01_23__7982_S2_C0.tif',14,0,26059,40857,NULL,1,'2020-02-28 23:22:35',0),(1988,716,'DK43_slide016_2020_01_23__7982_S2_C1.tif',14,1,26059,40857,NULL,1,'2020-02-28 23:22:35',0),(1989,716,'DK43_slide016_2020_01_23__7982_S2_C2.tif',14,2,26059,40857,NULL,1,'2020-02-28 23:22:35',0),(1990,716,'DK43_slide016_2020_01_23__7982_S3_C0.tif',21,0,26067,40877,NULL,1,'2020-02-28 23:22:35',0),(1991,716,'DK43_slide016_2020_01_23__7982_S3_C1.tif',21,1,26067,40877,NULL,1,'2020-02-28 23:22:35',0),(1992,716,'DK43_slide016_2020_01_23__7982_S3_C2.tif',21,2,26067,40877,NULL,1,'2020-02-28 23:22:35',0),(1993,717,'DK43_slide027_2020_01_23__7991_S0_C0.tif',0,0,24229,46411,NULL,1,'2020-02-28 23:22:48',0),(1994,717,'DK43_slide027_2020_01_23__7991_S0_C1.tif',0,1,24229,46411,NULL,1,'2020-02-28 23:22:48',0),(1995,717,'DK43_slide027_2020_01_23__7991_S0_C2.tif',0,2,24229,46411,NULL,1,'2020-02-28 23:22:48',0),(1996,717,'DK43_slide027_2020_01_23__7991_S1_C0.tif',7,0,24238,46413,NULL,1,'2020-02-28 23:22:48',0),(1997,717,'DK43_slide027_2020_01_23__7991_S1_C1.tif',7,1,24238,46413,NULL,1,'2020-02-28 23:22:48',0),(1998,717,'DK43_slide027_2020_01_23__7991_S1_C2.tif',7,2,24238,46413,NULL,1,'2020-02-28 23:22:48',0),(1999,717,'DK43_slide027_2020_01_23__7991_S2_C0.tif',14,0,24228,46413,NULL,1,'2020-02-28 23:22:48',0),(2000,717,'DK43_slide027_2020_01_23__7991_S2_C1.tif',14,1,24228,46413,NULL,1,'2020-02-28 23:22:48',0),(2001,717,'DK43_slide027_2020_01_23__7991_S2_C2.tif',14,2,24228,46413,NULL,1,'2020-02-28 23:22:48',0),(2002,717,'DK43_slide027_2020_01_23__7991_S3_C0.tif',21,0,24242,48261,NULL,1,'2020-02-28 23:22:48',0),(2003,717,'DK43_slide027_2020_01_23__7991_S3_C1.tif',21,1,24242,48261,NULL,1,'2020-02-28 23:22:48',0),(2004,717,'DK43_slide027_2020_01_23__7991_S3_C2.tif',21,2,24242,48261,NULL,1,'2020-02-28 23:22:48',0),(2005,718,'DK43_slide075_2020_01_25__8043_S0_C0.tif',0,0,24224,33471,NULL,1,'2020-02-28 23:22:57',0),(2006,718,'DK43_slide075_2020_01_25__8043_S0_C1.tif',0,1,24224,33471,NULL,1,'2020-02-28 23:22:57',0),(2007,718,'DK43_slide075_2020_01_25__8043_S0_C2.tif',0,2,24224,33471,NULL,1,'2020-02-28 23:22:57',0),(2008,718,'DK43_slide075_2020_01_25__8043_S1_C0.tif',7,0,24226,33472,NULL,1,'2020-02-28 23:22:57',0),(2009,718,'DK43_slide075_2020_01_25__8043_S1_C1.tif',7,1,24226,33472,NULL,1,'2020-02-28 23:22:57',0),(2010,718,'DK43_slide075_2020_01_25__8043_S1_C2.tif',7,2,24226,33472,NULL,1,'2020-02-28 23:22:57',0),(2011,718,'DK43_slide075_2020_01_25__8043_S2_C0.tif',14,0,24219,31621,NULL,1,'2020-02-28 23:22:57',0),(2012,718,'DK43_slide075_2020_01_25__8043_S2_C1.tif',14,1,24219,31621,NULL,1,'2020-02-28 23:22:57',0),(2013,718,'DK43_slide075_2020_01_25__8043_S2_C2.tif',14,2,24219,31621,NULL,1,'2020-02-28 23:22:57',0),(2014,718,'DK43_slide075_2020_01_25__8043_S3_C0.tif',20,0,22376,31622,NULL,1,'2020-02-28 23:22:57',0),(2015,718,'DK43_slide075_2020_01_25__8043_S3_C1.tif',20,1,22376,31622,NULL,1,'2020-02-28 23:22:57',0),(2016,718,'DK43_slide075_2020_01_25__8043_S3_C2.tif',20,2,22376,31622,NULL,1,'2020-02-28 23:22:57',0),(2017,719,'DK43_slide040_2020_01_23__8004_S0_C0.tif',0,0,22386,48262,NULL,1,'2020-02-28 23:23:10',0),(2018,719,'DK43_slide040_2020_01_23__8004_S0_C1.tif',0,1,22386,48262,NULL,1,'2020-02-28 23:23:10',0),(2019,719,'DK43_slide040_2020_01_23__8004_S0_C2.tif',0,2,22386,48262,NULL,1,'2020-02-28 23:23:10',0),(2020,719,'DK43_slide040_2020_01_23__8004_S1_C0.tif',7,0,22388,50098,NULL,1,'2020-02-28 23:23:10',0),(2021,719,'DK43_slide040_2020_01_23__8004_S1_C1.tif',7,1,22388,50098,NULL,1,'2020-02-28 23:23:10',0),(2022,719,'DK43_slide040_2020_01_23__8004_S1_C2.tif',7,2,22388,50098,NULL,1,'2020-02-28 23:23:10',0),(2023,719,'DK43_slide040_2020_01_23__8004_S2_C0.tif',14,0,24224,50115,NULL,1,'2020-02-28 23:23:10',0),(2024,719,'DK43_slide040_2020_01_23__8004_S2_C1.tif',14,1,24224,50115,NULL,1,'2020-02-28 23:23:10',0),(2025,719,'DK43_slide040_2020_01_23__8004_S2_C2.tif',14,2,24224,50115,NULL,1,'2020-02-28 23:23:10',0),(2026,719,'DK43_slide040_2020_01_23__8004_S3_C0.tif',21,0,26035,48258,NULL,1,'2020-02-28 23:23:10',0),(2027,719,'DK43_slide040_2020_01_23__8004_S3_C1.tif',21,1,26035,48258,NULL,1,'2020-02-28 23:23:10',0),(2028,719,'DK43_slide040_2020_01_23__8004_S3_C2.tif',21,2,26035,48258,NULL,1,'2020-02-28 23:23:10',0),(2029,720,'DK43_slide045_2020_01_23__8009_S0_C0.tif',0,0,26060,50110,NULL,1,'2020-02-28 23:23:23',0),(2030,720,'DK43_slide045_2020_01_23__8009_S0_C1.tif',0,1,26060,50110,NULL,1,'2020-02-28 23:23:23',0),(2031,720,'DK43_slide045_2020_01_23__8009_S0_C2.tif',0,2,26060,50110,NULL,1,'2020-02-28 23:23:23',0),(2032,720,'DK43_slide045_2020_01_23__8009_S1_C0.tif',7,0,26041,48257,NULL,1,'2020-02-28 23:23:23',0),(2033,720,'DK43_slide045_2020_01_23__8009_S1_C1.tif',7,1,26041,48257,NULL,1,'2020-02-28 23:23:23',0),(2034,720,'DK43_slide045_2020_01_23__8009_S1_C2.tif',7,2,26041,48257,NULL,1,'2020-02-28 23:23:23',0),(2035,720,'DK43_slide045_2020_01_23__8009_S2_C0.tif',14,0,26063,50102,NULL,1,'2020-02-28 23:23:23',0),(2036,720,'DK43_slide045_2020_01_23__8009_S2_C1.tif',14,1,26063,50102,NULL,1,'2020-02-28 23:23:23',0),(2037,720,'DK43_slide045_2020_01_23__8009_S2_C2.tif',14,2,26063,50102,NULL,1,'2020-02-28 23:23:23',0),(2038,720,'DK43_slide045_2020_01_23__8009_S3_C0.tif',21,0,29722,48266,NULL,1,'2020-02-28 23:23:23',0),(2039,720,'DK43_slide045_2020_01_23__8009_S3_C1.tif',21,1,29722,48266,NULL,1,'2020-02-28 23:23:23',0),(2040,720,'DK43_slide045_2020_01_23__8009_S3_C2.tif',21,2,29722,48266,NULL,1,'2020-02-28 23:23:23',0),(2041,721,'DK43_slide006_2020_01_27__8086_S0_C0.tif',0,0,20519,29773,NULL,1,'2020-02-28 23:23:32',0),(2042,721,'DK43_slide006_2020_01_27__8086_S0_C1.tif',0,1,20519,29773,NULL,1,'2020-02-28 23:23:32',0),(2043,721,'DK43_slide006_2020_01_27__8086_S0_C2.tif',0,2,20519,29773,NULL,1,'2020-02-28 23:23:32',0),(2044,721,'DK43_slide006_2020_01_27__8086_S1_C0.tif',6,0,20561,29773,NULL,1,'2020-02-28 23:23:32',0),(2045,721,'DK43_slide006_2020_01_27__8086_S1_C1.tif',6,1,20561,29773,NULL,1,'2020-02-28 23:23:32',0),(2046,721,'DK43_slide006_2020_01_27__8086_S1_C2.tif',6,2,20561,29773,NULL,1,'2020-02-28 23:23:32',0),(2047,721,'DK43_slide006_2020_01_27__8086_S2_C0.tif',12,0,20541,29766,NULL,1,'2020-02-28 23:23:32',0),(2048,721,'DK43_slide006_2020_01_27__8086_S2_C1.tif',12,1,20541,29766,NULL,1,'2020-02-28 23:23:32',0),(2049,721,'DK43_slide006_2020_01_27__8086_S2_C2.tif',12,2,20541,29766,NULL,1,'2020-02-28 23:23:32',0),(2050,721,'DK43_slide006_2020_01_27__8086_S3_C0.tif',18,0,20516,29765,NULL,1,'2020-02-28 23:23:32',0),(2051,721,'DK43_slide006_2020_01_27__8086_S3_C1.tif',18,1,20516,29765,NULL,1,'2020-02-28 23:23:32',0),(2052,721,'DK43_slide006_2020_01_27__8086_S3_C2.tif',18,2,20516,29765,NULL,1,'2020-02-28 23:23:32',0),(2053,722,'DK43_slide072_2020_01_31__8117_S0_C0.tif',0,0,24243,37171,NULL,1,'2020-02-28 23:23:42',0),(2054,722,'DK43_slide072_2020_01_31__8117_S0_C1.tif',0,1,24243,37171,NULL,1,'2020-02-28 23:23:42',0),(2055,722,'DK43_slide072_2020_01_31__8117_S0_C2.tif',0,2,24243,37171,NULL,1,'2020-02-28 23:23:42',0),(2056,722,'DK43_slide072_2020_01_31__8117_S1_C0.tif',7,0,24226,37167,NULL,1,'2020-02-28 23:23:42',0),(2057,722,'DK43_slide072_2020_01_31__8117_S1_C1.tif',7,1,24226,37167,NULL,1,'2020-02-28 23:23:42',0),(2058,722,'DK43_slide072_2020_01_31__8117_S1_C2.tif',7,2,24226,37167,NULL,1,'2020-02-28 23:23:42',0),(2059,722,'DK43_slide072_2020_01_31__8117_S2_C0.tif',14,0,24127,33193,NULL,1,'2020-02-28 23:23:42',0),(2060,722,'DK43_slide072_2020_01_31__8117_S2_C1.tif',14,1,24127,33193,NULL,1,'2020-02-28 23:23:42',0),(2061,722,'DK43_slide072_2020_01_31__8117_S2_C2.tif',14,2,24127,33193,NULL,1,'2020-02-28 23:23:42',0),(2062,722,'DK43_slide072_2020_01_31__8117_S3_C0.tif',21,0,24096,34876,NULL,1,'2020-02-28 23:23:42',0),(2063,722,'DK43_slide072_2020_01_31__8117_S3_C1.tif',21,1,24096,34876,NULL,1,'2020-02-28 23:23:42',0),(2064,722,'DK43_slide072_2020_01_31__8117_S3_C2.tif',21,2,24096,34876,NULL,1,'2020-02-28 23:23:42',0),(2065,723,'DK43_slide015_2020_01_23__7981_S0_C0.tif',0,0,27931,39011,NULL,1,'2020-02-28 23:23:53',0),(2066,723,'DK43_slide015_2020_01_23__7981_S0_C1.tif',0,1,27931,39011,NULL,1,'2020-02-28 23:23:53',0),(2067,723,'DK43_slide015_2020_01_23__7981_S0_C2.tif',0,2,27931,39011,NULL,1,'2020-02-28 23:23:53',0),(2068,723,'DK43_slide015_2020_01_23__7981_S1_C0.tif',7,0,26068,37160,NULL,1,'2020-02-28 23:23:53',0),(2069,723,'DK43_slide015_2020_01_23__7981_S1_C1.tif',7,1,26068,37160,NULL,1,'2020-02-28 23:23:53',0),(2070,723,'DK43_slide015_2020_01_23__7981_S1_C2.tif',7,2,26068,37160,NULL,1,'2020-02-28 23:23:53',0),(2071,723,'DK43_slide015_2020_01_23__7981_S2_C0.tif',14,0,24233,37149,NULL,1,'2020-02-28 23:23:53',0),(2072,723,'DK43_slide015_2020_01_23__7981_S2_C1.tif',14,1,24233,37149,NULL,1,'2020-02-28 23:23:53',0),(2073,723,'DK43_slide015_2020_01_23__7981_S2_C2.tif',14,2,24233,37149,NULL,1,'2020-02-28 23:23:53',0),(2074,723,'DK43_slide015_2020_01_23__7981_S3_C0.tif',21,0,26062,39008,NULL,1,'2020-02-28 23:23:53',0),(2075,723,'DK43_slide015_2020_01_23__7981_S3_C1.tif',21,1,26062,39008,NULL,1,'2020-02-28 23:23:53',0),(2076,723,'DK43_slide015_2020_01_23__7981_S3_C2.tif',21,2,26062,39008,NULL,1,'2020-02-28 23:23:53',0),(2077,724,'DK43_slide051_2020_01_23__8015_S0_C0.tif',0,0,31616,51968,NULL,1,'2020-02-28 23:24:08',0),(2078,724,'DK43_slide051_2020_01_23__8015_S0_C1.tif',0,1,31616,51968,NULL,1,'2020-02-28 23:24:08',0),(2079,724,'DK43_slide051_2020_01_23__8015_S0_C2.tif',0,2,31616,51968,NULL,1,'2020-02-28 23:24:08',0),(2080,724,'DK43_slide051_2020_01_23__8015_S1_C0.tif',7,0,29754,53802,NULL,1,'2020-02-28 23:24:08',0),(2081,724,'DK43_slide051_2020_01_23__8015_S1_C1.tif',7,1,29754,53802,NULL,1,'2020-02-28 23:24:08',0),(2082,724,'DK43_slide051_2020_01_23__8015_S1_C2.tif',7,2,29754,53802,NULL,1,'2020-02-28 23:24:08',0),(2083,724,'DK43_slide051_2020_01_23__8015_S2_C0.tif',14,0,29758,50115,NULL,1,'2020-02-28 23:24:08',0),(2084,724,'DK43_slide051_2020_01_23__8015_S2_C1.tif',14,1,29758,50115,NULL,1,'2020-02-28 23:24:08',0),(2085,724,'DK43_slide051_2020_01_23__8015_S2_C2.tif',14,2,29758,50115,NULL,1,'2020-02-28 23:24:08',0),(2086,724,'DK43_slide051_2020_01_23__8015_S3_C0.tif',21,0,27914,50110,NULL,1,'2020-02-28 23:24:08',0),(2087,724,'DK43_slide051_2020_01_23__8015_S3_C1.tif',21,1,27914,50110,NULL,1,'2020-02-28 23:24:08',0),(2088,724,'DK43_slide051_2020_01_23__8015_S3_C2.tif',21,2,27914,50110,NULL,1,'2020-02-28 23:24:08',0),(2089,725,'DK43_slide054_2020_01_23__8018_S0_C0.tif',0,0,29763,48279,NULL,1,'2020-02-28 23:24:22',0),(2090,725,'DK43_slide054_2020_01_23__8018_S0_C1.tif',0,1,29763,48279,NULL,1,'2020-02-28 23:24:22',0),(2091,725,'DK43_slide054_2020_01_23__8018_S0_C2.tif',0,2,29763,48279,NULL,1,'2020-02-28 23:24:22',0),(2092,725,'DK43_slide054_2020_01_23__8018_S1_C0.tif',7,0,27903,48252,NULL,1,'2020-02-28 23:24:22',0),(2093,725,'DK43_slide054_2020_01_23__8018_S1_C1.tif',7,1,27903,48252,NULL,1,'2020-02-28 23:24:22',0),(2094,725,'DK43_slide054_2020_01_23__8018_S1_C2.tif',7,2,27903,48252,NULL,1,'2020-02-28 23:24:22',0),(2095,725,'DK43_slide054_2020_01_23__8018_S2_C0.tif',14,0,29758,50104,NULL,1,'2020-02-28 23:24:22',0),(2096,725,'DK43_slide054_2020_01_23__8018_S2_C1.tif',14,1,29758,50104,NULL,1,'2020-02-28 23:24:22',0),(2097,725,'DK43_slide054_2020_01_23__8018_S2_C2.tif',14,2,29758,50104,NULL,1,'2020-02-28 23:24:22',0),(2098,725,'DK43_slide054_2020_01_23__8018_S3_C0.tif',21,0,27921,48279,NULL,1,'2020-02-28 23:24:22',0),(2099,725,'DK43_slide054_2020_01_23__8018_S3_C1.tif',21,1,27921,48279,NULL,1,'2020-02-28 23:24:22',0),(2100,725,'DK43_slide054_2020_01_23__8018_S3_C2.tif',21,2,27921,48279,NULL,1,'2020-02-28 23:24:22',0),(2101,726,'DK43_slide083_2020_01_25__8051_S0_C0.tif',0,0,20524,27927,NULL,1,'2020-02-28 23:24:29',0),(2102,726,'DK43_slide083_2020_01_25__8051_S0_C1.tif',0,1,20524,27927,NULL,1,'2020-02-28 23:24:29',0),(2103,726,'DK43_slide083_2020_01_25__8051_S0_C2.tif',0,2,20524,27927,NULL,1,'2020-02-28 23:24:29',0),(2104,726,'DK43_slide083_2020_01_25__8051_S1_C0.tif',6,0,20530,29773,NULL,1,'2020-02-28 23:24:29',0),(2105,726,'DK43_slide083_2020_01_25__8051_S1_C1.tif',6,1,20530,29773,NULL,1,'2020-02-28 23:24:29',0),(2106,726,'DK43_slide083_2020_01_25__8051_S1_C2.tif',6,2,20530,29773,NULL,1,'2020-02-28 23:24:29',0),(2107,726,'DK43_slide083_2020_01_25__8051_S2_C0.tif',12,0,18702,27930,NULL,1,'2020-02-28 23:24:29',0),(2108,726,'DK43_slide083_2020_01_25__8051_S2_C1.tif',12,1,18702,27930,NULL,1,'2020-02-28 23:24:29',0),(2109,726,'DK43_slide083_2020_01_25__8051_S2_C2.tif',12,2,18702,27930,NULL,1,'2020-02-28 23:24:29',0),(2110,726,'DK43_slide083_2020_01_25__8051_S3_C0.tif',18,0,20534,27926,NULL,1,'2020-02-28 23:24:29',0),(2111,726,'DK43_slide083_2020_01_25__8051_S3_C1.tif',18,1,20534,27926,NULL,1,'2020-02-28 23:24:29',0),(2112,726,'DK43_slide083_2020_01_25__8051_S3_C2.tif',18,2,20534,27926,NULL,1,'2020-02-28 23:24:29',0),(2113,727,'DK43_slide043_2020_01_23__8007_S0_C0.tif',0,0,26044,48264,NULL,1,'2020-02-28 23:24:43',0),(2114,727,'DK43_slide043_2020_01_23__8007_S0_C1.tif',0,1,26044,48264,NULL,1,'2020-02-28 23:24:43',0),(2115,727,'DK43_slide043_2020_01_23__8007_S0_C2.tif',0,2,26044,48264,NULL,1,'2020-02-28 23:24:43',0),(2116,727,'DK43_slide043_2020_01_23__8007_S1_C0.tif',7,0,27889,48260,NULL,1,'2020-02-28 23:24:43',0),(2117,727,'DK43_slide043_2020_01_23__8007_S1_C1.tif',7,1,27889,48260,NULL,1,'2020-02-28 23:24:43',0),(2118,727,'DK43_slide043_2020_01_23__8007_S1_C2.tif',7,2,27889,48260,NULL,1,'2020-02-28 23:24:43',0),(2119,727,'DK43_slide043_2020_01_23__8007_S2_C0.tif',14,0,27884,48263,NULL,1,'2020-02-28 23:24:43',0),(2120,727,'DK43_slide043_2020_01_23__8007_S2_C1.tif',14,1,27884,48263,NULL,1,'2020-02-28 23:24:43',0),(2121,727,'DK43_slide043_2020_01_23__8007_S2_C2.tif',14,2,27884,48263,NULL,1,'2020-02-28 23:24:43',0),(2122,727,'DK43_slide043_2020_01_23__8007_S3_C0.tif',21,0,27882,50115,NULL,1,'2020-02-28 23:24:43',0),(2123,727,'DK43_slide043_2020_01_23__8007_S3_C1.tif',21,1,27882,50115,NULL,1,'2020-02-28 23:24:43',0),(2124,727,'DK43_slide043_2020_01_23__8007_S3_C2.tif',21,2,27882,50115,NULL,1,'2020-02-28 23:24:43',0),(2125,728,'DK43_slide017_2020_01_31__8105_S0_C0.tif',0,0,26093,40850,NULL,1,'2020-02-28 23:24:56',0),(2126,728,'DK43_slide017_2020_01_31__8105_S0_C1.tif',0,1,26093,40850,NULL,1,'2020-02-28 23:24:56',0),(2127,728,'DK43_slide017_2020_01_31__8105_S0_C2.tif',0,2,26093,40850,NULL,1,'2020-02-28 23:24:56',0),(2128,728,'DK43_slide017_2020_01_31__8105_S1_C0.tif',7,0,27920,42703,NULL,1,'2020-02-28 23:24:56',0),(2129,728,'DK43_slide017_2020_01_31__8105_S1_C1.tif',7,1,27920,42703,NULL,1,'2020-02-28 23:24:56',0),(2130,728,'DK43_slide017_2020_01_31__8105_S1_C2.tif',7,2,27920,42703,NULL,1,'2020-02-28 23:24:56',0),(2131,728,'DK43_slide017_2020_01_31__8105_S2_C0.tif',14,0,27929,42709,NULL,1,'2020-02-28 23:24:56',0),(2132,728,'DK43_slide017_2020_01_31__8105_S2_C1.tif',14,1,27929,42709,NULL,1,'2020-02-28 23:24:56',0),(2133,728,'DK43_slide017_2020_01_31__8105_S2_C2.tif',14,2,27929,42709,NULL,1,'2020-02-28 23:24:56',0),(2134,728,'DK43_slide017_2020_01_31__8105_S3_C0.tif',21,0,27916,42714,NULL,1,'2020-02-28 23:24:56',0),(2135,728,'DK43_slide017_2020_01_31__8105_S3_C1.tif',21,1,27916,42714,NULL,1,'2020-02-28 23:24:56',0),(2136,728,'DK43_slide017_2020_01_31__8105_S3_C2.tif',21,2,27916,42714,NULL,1,'2020-02-28 23:24:56',0),(2137,729,'DK43_slide005_2020_01_27__8085_S0_C0.tif',0,0,18680,26074,NULL,1,'2020-02-28 23:25:03',0),(2138,729,'DK43_slide005_2020_01_27__8085_S0_C1.tif',0,1,18680,26074,NULL,1,'2020-02-28 23:25:03',0),(2139,729,'DK43_slide005_2020_01_27__8085_S0_C2.tif',0,2,18680,26074,NULL,1,'2020-02-28 23:25:03',0),(2140,729,'DK43_slide005_2020_01_27__8085_S1_C0.tif',6,0,18720,27924,NULL,1,'2020-02-28 23:25:03',0),(2141,729,'DK43_slide005_2020_01_27__8085_S1_C1.tif',6,1,18720,27924,NULL,1,'2020-02-28 23:25:03',0),(2142,729,'DK43_slide005_2020_01_27__8085_S1_C2.tif',6,2,18720,27924,NULL,1,'2020-02-28 23:25:03',0),(2143,729,'DK43_slide005_2020_01_27__8085_S2_C0.tif',12,0,20519,29777,NULL,1,'2020-02-28 23:25:03',0),(2144,729,'DK43_slide005_2020_01_27__8085_S2_C1.tif',12,1,20519,29777,NULL,1,'2020-02-28 23:25:03',0),(2145,729,'DK43_slide005_2020_01_27__8085_S2_C2.tif',12,2,20519,29777,NULL,1,'2020-02-28 23:25:03',0),(2146,729,'DK43_slide005_2020_01_27__8085_S3_C0.tif',18,0,18680,29773,NULL,1,'2020-02-28 23:25:03',0),(2147,729,'DK43_slide005_2020_01_27__8085_S3_C1.tif',18,1,18680,29773,NULL,1,'2020-02-28 23:25:03',0),(2148,729,'DK43_slide005_2020_01_27__8085_S3_C2.tif',18,2,18680,29773,NULL,1,'2020-02-28 23:25:03',0),(2149,730,'DK43_slide088_2020_01_25__8056_S0_C0.tif',0,0,16843,26070,NULL,1,'2020-02-28 23:25:10',0),(2150,730,'DK43_slide088_2020_01_25__8056_S0_C1.tif',0,1,16843,26070,NULL,1,'2020-02-28 23:25:10',0),(2151,730,'DK43_slide088_2020_01_25__8056_S0_C2.tif',0,2,16843,26070,NULL,1,'2020-02-28 23:25:10',0),(2152,730,'DK43_slide088_2020_01_25__8056_S1_C0.tif',6,0,16836,26068,NULL,1,'2020-02-28 23:25:10',0),(2153,730,'DK43_slide088_2020_01_25__8056_S1_C1.tif',6,1,16836,26068,NULL,1,'2020-02-28 23:25:10',0),(2154,730,'DK43_slide088_2020_01_25__8056_S1_C2.tif',6,2,16836,26068,NULL,1,'2020-02-28 23:25:10',0),(2155,730,'DK43_slide088_2020_01_25__8056_S2_C0.tif',12,0,16838,26074,NULL,1,'2020-02-28 23:25:10',0),(2156,730,'DK43_slide088_2020_01_25__8056_S2_C1.tif',12,1,16838,26074,NULL,1,'2020-02-28 23:25:10',0),(2157,730,'DK43_slide088_2020_01_25__8056_S2_C2.tif',12,2,16838,26074,NULL,1,'2020-02-28 23:25:10',0),(2158,730,'DK43_slide088_2020_01_25__8056_S3_C0.tif',18,0,16836,24227,NULL,1,'2020-02-28 23:25:10',0),(2159,730,'DK43_slide088_2020_01_25__8056_S3_C1.tif',18,1,16836,24227,NULL,1,'2020-02-28 23:25:10',0),(2160,730,'DK43_slide088_2020_01_25__8056_S3_C2.tif',18,2,16836,24227,NULL,1,'2020-02-28 23:25:10',0),(2161,731,'DK43_slide002_2020_01_31__8107_S0_C0.tif',0,0,16836,18687,NULL,1,'2020-02-28 23:25:17',0),(2162,731,'DK43_slide002_2020_01_31__8107_S0_C1.tif',0,1,16836,18687,NULL,1,'2020-02-28 23:25:17',0),(2163,731,'DK43_slide002_2020_01_31__8107_S0_C2.tif',0,2,16836,18687,NULL,1,'2020-02-28 23:25:17',0),(2164,731,'DK43_slide002_2020_01_31__8107_S1_C0.tif',6,0,18701,22383,NULL,1,'2020-02-28 23:25:17',0),(2165,731,'DK43_slide002_2020_01_31__8107_S1_C1.tif',6,1,18701,22383,NULL,1,'2020-02-28 23:25:17',0),(2166,731,'DK43_slide002_2020_01_31__8107_S1_C2.tif',6,2,18701,22383,NULL,1,'2020-02-28 23:25:17',0),(2167,731,'DK43_slide002_2020_01_31__8107_S2_C0.tif',12,0,16840,20533,NULL,1,'2020-02-28 23:25:17',0),(2168,731,'DK43_slide002_2020_01_31__8107_S2_C1.tif',12,1,16840,20533,NULL,1,'2020-02-28 23:25:17',0),(2169,731,'DK43_slide002_2020_01_31__8107_S2_C2.tif',12,2,16840,20533,NULL,1,'2020-02-28 23:25:17',0),(2170,731,'DK43_slide002_2020_01_31__8107_S3_C0.tif',18,0,16854,24228,NULL,1,'2020-02-28 23:25:17',0),(2171,731,'DK43_slide002_2020_01_31__8107_S3_C1.tif',18,1,16854,24228,NULL,1,'2020-02-28 23:25:17',0),(2172,731,'DK43_slide002_2020_01_31__8107_S3_C2.tif',18,2,16854,24228,NULL,1,'2020-02-28 23:25:17',0),(2173,732,'DK43_slide055_2020_01_23__8019_S0_C0.tif',0,0,29760,51965,NULL,1,'2020-02-28 23:25:31',0),(2174,732,'DK43_slide055_2020_01_23__8019_S0_C1.tif',0,1,29760,51965,NULL,1,'2020-02-28 23:25:31',0),(2175,732,'DK43_slide055_2020_01_23__8019_S0_C2.tif',0,2,29760,51965,NULL,1,'2020-02-28 23:25:31',0),(2176,732,'DK43_slide055_2020_01_23__8019_S1_C0.tif',7,0,29772,48263,NULL,1,'2020-02-28 23:25:31',0),(2177,732,'DK43_slide055_2020_01_23__8019_S1_C1.tif',7,1,29772,48263,NULL,1,'2020-02-28 23:25:31',0),(2178,732,'DK43_slide055_2020_01_23__8019_S1_C2.tif',7,2,29772,48263,NULL,1,'2020-02-28 23:25:31',0),(2179,732,'DK43_slide055_2020_01_23__8019_S2_C0.tif',14,0,27914,48264,NULL,1,'2020-02-28 23:25:31',0),(2180,732,'DK43_slide055_2020_01_23__8019_S2_C1.tif',14,1,27914,48264,NULL,1,'2020-02-28 23:25:31',0),(2181,732,'DK43_slide055_2020_01_23__8019_S2_C2.tif',14,2,27914,48264,NULL,1,'2020-02-28 23:25:31',0),(2182,732,'DK43_slide055_2020_01_23__8019_S3_C0.tif',21,0,27907,46411,NULL,1,'2020-02-28 23:25:31',0),(2183,732,'DK43_slide055_2020_01_23__8019_S3_C1.tif',21,1,27907,46411,NULL,1,'2020-02-28 23:25:31',0),(2184,732,'DK43_slide055_2020_01_23__8019_S3_C2.tif',21,2,27907,46411,NULL,1,'2020-02-28 23:25:31',0),(2185,733,'DK43_slide050_2020_01_23__8014_S0_C0.tif',0,0,29777,48265,NULL,1,'2020-02-28 23:25:43',0),(2186,733,'DK43_slide050_2020_01_23__8014_S0_C1.tif',0,1,29777,48265,NULL,1,'2020-02-28 23:25:43',0),(2187,733,'DK43_slide050_2020_01_23__8014_S0_C2.tif',0,2,29777,48265,NULL,1,'2020-02-28 23:25:43',0),(2188,733,'DK43_slide050_2020_01_23__8014_S1_C0.tif',7,0,29760,51951,NULL,1,'2020-02-28 23:25:43',0),(2189,733,'DK43_slide050_2020_01_23__8014_S1_C1.tif',7,1,29760,51951,NULL,1,'2020-02-28 23:25:43',0),(2190,733,'DK43_slide050_2020_01_23__8014_S1_C2.tif',7,2,29760,51951,NULL,1,'2020-02-28 23:25:43',0),(2191,733,'DK43_slide050_2020_01_23__8014_S2_C0.tif',14,0,27920,48274,NULL,1,'2020-02-28 23:25:43',0),(2192,733,'DK43_slide050_2020_01_23__8014_S2_C1.tif',14,1,27920,48274,NULL,1,'2020-02-28 23:25:43',0),(2193,733,'DK43_slide050_2020_01_23__8014_S2_C2.tif',14,2,27920,48274,NULL,1,'2020-02-28 23:25:43',0),(2194,733,'DK43_slide050_2020_01_23__8014_S3_C0.tif',21,0,28302,49564,NULL,1,'2020-02-28 23:25:43',0),(2195,733,'DK43_slide050_2020_01_23__8014_S3_C1.tif',21,1,28302,49564,NULL,1,'2020-02-28 23:25:43',0),(2196,733,'DK43_slide050_2020_01_23__8014_S3_C2.tif',21,2,28302,49564,NULL,1,'2020-02-28 23:25:43',0),(2197,734,'DK43_slide042_2020_01_23__8006_S0_C0.tif',0,0,27894,48271,NULL,1,'2020-02-28 23:25:54',0),(2198,734,'DK43_slide042_2020_01_23__8006_S0_C1.tif',0,1,27894,48271,NULL,1,'2020-02-28 23:25:54',0),(2199,734,'DK43_slide042_2020_01_23__8006_S0_C2.tif',0,2,27894,48271,NULL,1,'2020-02-28 23:25:54',0),(2200,734,'DK43_slide042_2020_01_23__8006_S1_C0.tif',7,0,26078,50105,NULL,1,'2020-02-28 23:25:54',0),(2201,734,'DK43_slide042_2020_01_23__8006_S1_C1.tif',7,1,26078,50105,NULL,1,'2020-02-28 23:25:54',0),(2202,734,'DK43_slide042_2020_01_23__8006_S1_C2.tif',7,2,26078,50105,NULL,1,'2020-02-28 23:25:54',0),(2203,734,'DK43_slide042_2020_01_23__8006_S2_C0.tif',14,0,26038,48221,NULL,1,'2020-02-28 23:25:54',0),(2204,734,'DK43_slide042_2020_01_23__8006_S2_C1.tif',14,1,26038,48221,NULL,1,'2020-02-28 23:25:54',0),(2205,734,'DK43_slide042_2020_01_23__8006_S2_C2.tif',14,2,26038,48221,NULL,1,'2020-02-28 23:25:54',0),(2206,735,'DK43_slide082_2020_01_25__8050_S0_C0.tif',0,0,20534,27930,NULL,1,'2020-02-28 23:26:01',0),(2207,735,'DK43_slide082_2020_01_25__8050_S0_C1.tif',0,1,20534,27930,NULL,1,'2020-02-28 23:26:01',0),(2208,735,'DK43_slide082_2020_01_25__8050_S0_C2.tif',0,2,20534,27930,NULL,1,'2020-02-28 23:26:01',0),(2209,735,'DK43_slide082_2020_01_25__8050_S1_C0.tif',6,0,20524,29756,NULL,1,'2020-02-28 23:26:01',0),(2210,735,'DK43_slide082_2020_01_25__8050_S1_C1.tif',6,1,20524,29756,NULL,1,'2020-02-28 23:26:01',0),(2211,735,'DK43_slide082_2020_01_25__8050_S1_C2.tif',6,2,20524,29756,NULL,1,'2020-02-28 23:26:01',0),(2212,735,'DK43_slide082_2020_01_25__8050_S2_C0.tif',12,0,20525,27899,NULL,1,'2020-02-28 23:26:01',0),(2213,735,'DK43_slide082_2020_01_25__8050_S2_C1.tif',12,1,20525,27899,NULL,1,'2020-02-28 23:26:01',0),(2214,735,'DK43_slide082_2020_01_25__8050_S2_C2.tif',12,2,20525,27899,NULL,1,'2020-02-28 23:26:01',0),(2215,735,'DK43_slide082_2020_01_25__8050_S3_C0.tif',18,0,20520,27929,NULL,1,'2020-02-28 23:26:01',0),(2216,735,'DK43_slide082_2020_01_25__8050_S3_C1.tif',18,1,20520,27929,NULL,1,'2020-02-28 23:26:01',0),(2217,735,'DK43_slide082_2020_01_25__8050_S3_C2.tif',18,2,20520,27929,NULL,1,'2020-02-28 23:26:01',0),(2218,736,'DK43_slide004_2020_01_27__8084_S0_C0.tif',0,0,18678,22371,NULL,1,'2020-02-28 23:26:09',0),(2219,736,'DK43_slide004_2020_01_27__8084_S0_C1.tif',0,1,18678,22371,NULL,1,'2020-02-28 23:26:09',0),(2220,736,'DK43_slide004_2020_01_27__8084_S0_C2.tif',0,2,18678,22371,NULL,1,'2020-02-28 23:26:09',0),(2221,736,'DK43_slide004_2020_01_27__8084_S1_C0.tif',6,0,14980,26073,NULL,1,'2020-02-28 23:26:09',0),(2222,736,'DK43_slide004_2020_01_27__8084_S1_C1.tif',6,1,14980,26073,NULL,1,'2020-02-28 23:26:09',0),(2223,736,'DK43_slide004_2020_01_27__8084_S1_C2.tif',6,2,14980,26073,NULL,1,'2020-02-28 23:26:09',0),(2224,736,'DK43_slide004_2020_01_27__8084_S2_C0.tif',12,0,14980,26073,NULL,1,'2020-02-28 23:26:09',0),(2225,736,'DK43_slide004_2020_01_27__8084_S2_C1.tif',12,1,14980,26073,NULL,1,'2020-02-28 23:26:09',0),(2226,736,'DK43_slide004_2020_01_27__8084_S2_C2.tif',12,2,14980,26073,NULL,1,'2020-02-28 23:26:09',0),(2227,736,'DK43_slide004_2020_01_27__8084_S3_C0.tif',18,0,16857,26068,NULL,1,'2020-02-28 23:26:09',0),(2228,736,'DK43_slide004_2020_01_27__8084_S3_C1.tif',18,1,16857,26068,NULL,1,'2020-02-28 23:26:09',0),(2229,736,'DK43_slide004_2020_01_27__8084_S3_C2.tif',18,2,16857,26068,NULL,1,'2020-02-28 23:26:09',0),(2230,737,'DK43_slide089_2020_01_25__8057_S0_C0.tif',0,0,16838,22382,NULL,1,'2020-02-28 23:26:15',0),(2231,737,'DK43_slide089_2020_01_25__8057_S0_C1.tif',0,1,16838,22382,NULL,1,'2020-02-28 23:26:15',0),(2232,737,'DK43_slide089_2020_01_25__8057_S0_C2.tif',0,2,16838,22382,NULL,1,'2020-02-28 23:26:15',0),(2233,737,'DK43_slide089_2020_01_25__8057_S1_C0.tif',6,0,16829,22368,NULL,1,'2020-02-28 23:26:15',0),(2234,737,'DK43_slide089_2020_01_25__8057_S1_C1.tif',6,1,16829,22368,NULL,1,'2020-02-28 23:26:15',0),(2235,737,'DK43_slide089_2020_01_25__8057_S1_C2.tif',6,2,16829,22368,NULL,1,'2020-02-28 23:26:15',0),(2236,737,'DK43_slide089_2020_01_25__8057_S2_C0.tif',12,0,16828,20528,NULL,1,'2020-02-28 23:26:15',0),(2237,737,'DK43_slide089_2020_01_25__8057_S2_C1.tif',12,1,16828,20528,NULL,1,'2020-02-28 23:26:15',0),(2238,737,'DK43_slide089_2020_01_25__8057_S2_C2.tif',12,2,16828,20528,NULL,1,'2020-02-28 23:26:15',0),(2239,737,'DK43_slide089_2020_01_25__8057_S3_C0.tif',18,0,16829,22377,NULL,1,'2020-02-28 23:26:15',0),(2240,737,'DK43_slide089_2020_01_25__8057_S3_C1.tif',18,1,16829,22377,NULL,1,'2020-02-28 23:26:15',0),(2241,737,'DK43_slide089_2020_01_25__8057_S3_C2.tif',18,2,16829,22377,NULL,1,'2020-02-28 23:26:15',0),(2242,738,'DK43_slide013_2020_01_23__7980_S0_C0.tif',0,0,26086,33474,NULL,1,'2020-02-28 23:26:25',0),(2243,738,'DK43_slide013_2020_01_23__7980_S0_C1.tif',0,1,26086,33474,NULL,1,'2020-02-28 23:26:25',0),(2244,738,'DK43_slide013_2020_01_23__7980_S0_C2.tif',0,2,26086,33474,NULL,1,'2020-02-28 23:26:25',0),(2245,738,'DK43_slide013_2020_01_23__7980_S1_C0.tif',7,0,27909,35316,NULL,1,'2020-02-28 23:26:25',0),(2246,738,'DK43_slide013_2020_01_23__7980_S1_C1.tif',7,1,27909,35316,NULL,1,'2020-02-28 23:26:25',0),(2247,738,'DK43_slide013_2020_01_23__7980_S1_C2.tif',7,2,27909,35316,NULL,1,'2020-02-28 23:26:25',0),(2248,738,'DK43_slide013_2020_01_23__7980_S2_C0.tif',14,0,26077,37159,NULL,1,'2020-02-28 23:26:25',0),(2249,738,'DK43_slide013_2020_01_23__7980_S2_C1.tif',14,1,26077,37159,NULL,1,'2020-02-28 23:26:25',0),(2250,738,'DK43_slide013_2020_01_23__7980_S2_C2.tif',14,2,26077,37159,NULL,1,'2020-02-28 23:26:25',0),(2251,738,'DK43_slide013_2020_01_23__7980_S3_C0.tif',21,0,26068,37161,NULL,1,'2020-02-28 23:26:25',0),(2252,738,'DK43_slide013_2020_01_23__7980_S3_C1.tif',21,1,26068,37161,NULL,1,'2020-02-28 23:26:25',0),(2253,738,'DK43_slide013_2020_01_23__7980_S3_C2.tif',21,2,26068,37161,NULL,1,'2020-02-28 23:26:25',0),(2254,739,'DK43_slide095_2020_01_25__8063_S0_C0.tif',0,0,14982,16839,NULL,1,'2020-02-28 23:26:31',0),(2255,739,'DK43_slide095_2020_01_25__8063_S0_C1.tif',0,1,14982,16839,NULL,1,'2020-02-28 23:26:31',0),(2256,739,'DK43_slide095_2020_01_25__8063_S0_C2.tif',0,2,14982,16839,NULL,1,'2020-02-28 23:26:31',0),(2257,739,'DK43_slide095_2020_01_25__8063_S1_C0.tif',6,0,16817,14986,NULL,1,'2020-02-28 23:26:31',0),(2258,739,'DK43_slide095_2020_01_25__8063_S1_C1.tif',6,1,16817,14986,NULL,1,'2020-02-28 23:26:31',0),(2259,739,'DK43_slide095_2020_01_25__8063_S1_C2.tif',6,2,16817,14986,NULL,1,'2020-02-28 23:26:31',0),(2260,739,'DK43_slide095_2020_01_25__8063_S2_C0.tif',12,0,14984,14991,NULL,1,'2020-02-28 23:26:31',0),(2261,739,'DK43_slide095_2020_01_25__8063_S2_C1.tif',12,1,14984,14991,NULL,1,'2020-02-28 23:26:31',0),(2262,739,'DK43_slide095_2020_01_25__8063_S2_C2.tif',12,2,14984,14991,NULL,1,'2020-02-28 23:26:31',0),(2263,739,'DK43_slide095_2020_01_25__8063_S3_C0.tif',17,0,13128,16838,NULL,1,'2020-02-28 23:26:31',0),(2264,739,'DK43_slide095_2020_01_25__8063_S3_C1.tif',17,1,13128,16838,NULL,1,'2020-02-28 23:26:31',0),(2265,739,'DK43_slide095_2020_01_25__8063_S3_C2.tif',17,2,13128,16838,NULL,1,'2020-02-28 23:26:31',0),(2266,740,'DK43_slide079_2020_01_31__8118_S0_C0.tif',0,0,22372,33462,NULL,1,'2020-02-28 23:26:41',0),(2267,740,'DK43_slide079_2020_01_31__8118_S0_C1.tif',0,1,22372,33462,NULL,1,'2020-02-28 23:26:41',0),(2268,740,'DK43_slide079_2020_01_31__8118_S0_C2.tif',0,2,22372,33462,NULL,1,'2020-02-28 23:26:41',0),(2269,740,'DK43_slide079_2020_01_31__8118_S1_C0.tif',7,0,24219,33460,NULL,1,'2020-02-28 23:26:41',0),(2270,740,'DK43_slide079_2020_01_31__8118_S1_C1.tif',7,1,24219,33460,NULL,1,'2020-02-28 23:26:41',0),(2271,740,'DK43_slide079_2020_01_31__8118_S1_C2.tif',7,2,24219,33460,NULL,1,'2020-02-28 23:26:41',0),(2272,740,'DK43_slide079_2020_01_31__8118_S2_C0.tif',14,0,20539,33461,NULL,1,'2020-02-28 23:26:41',0),(2273,740,'DK43_slide079_2020_01_31__8118_S2_C1.tif',14,1,20539,33461,NULL,1,'2020-02-28 23:26:41',0),(2274,740,'DK43_slide079_2020_01_31__8118_S2_C2.tif',14,2,20539,33461,NULL,1,'2020-02-28 23:26:41',0),(2275,740,'DK43_slide079_2020_01_31__8118_S3_C0.tif',21,0,22389,31610,NULL,1,'2020-02-28 23:26:41',0),(2276,740,'DK43_slide079_2020_01_31__8118_S3_C1.tif',21,1,22389,31610,NULL,1,'2020-02-28 23:26:41',0),(2277,740,'DK43_slide079_2020_01_31__8118_S3_C2.tif',21,2,22389,31610,NULL,1,'2020-02-28 23:26:41',0),(2278,741,'DK43_slide029_2020_01_23__7993_S0_C0.tif',0,0,26074,46411,NULL,1,'2020-02-28 23:26:53',0),(2279,741,'DK43_slide029_2020_01_23__7993_S0_C1.tif',0,1,26074,46411,NULL,1,'2020-02-28 23:26:53',0),(2280,741,'DK43_slide029_2020_01_23__7993_S0_C2.tif',0,2,26074,46411,NULL,1,'2020-02-28 23:26:53',0),(2281,741,'DK43_slide029_2020_01_23__7993_S1_C0.tif',7,0,26065,46395,NULL,1,'2020-02-28 23:26:53',0),(2282,741,'DK43_slide029_2020_01_23__7993_S1_C1.tif',7,1,26065,46395,NULL,1,'2020-02-28 23:26:53',0),(2283,741,'DK43_slide029_2020_01_23__7993_S1_C2.tif',7,2,26065,46395,NULL,1,'2020-02-28 23:26:53',0),(2284,741,'DK43_slide029_2020_01_23__7993_S2_C0.tif',14,0,24241,46404,NULL,1,'2020-02-28 23:26:53',0),(2285,741,'DK43_slide029_2020_01_23__7993_S2_C1.tif',14,1,24241,46404,NULL,1,'2020-02-28 23:26:53',0),(2286,741,'DK43_slide029_2020_01_23__7993_S2_C2.tif',14,2,24241,46404,NULL,1,'2020-02-28 23:26:53',0),(2287,741,'DK43_slide029_2020_01_23__7993_S3_C0.tif',21,0,24215,46404,NULL,1,'2020-02-28 23:26:53',0),(2288,741,'DK43_slide029_2020_01_23__7993_S3_C1.tif',21,1,24215,46404,NULL,1,'2020-02-28 23:26:53',0),(2289,741,'DK43_slide029_2020_01_23__7993_S3_C2.tif',21,2,24215,46404,NULL,1,'2020-02-28 23:26:53',0),(2290,742,'DK43_slide021_2020_01_23__7986_S0_C0.tif',0,0,29773,44562,NULL,1,'2020-02-28 23:27:06',0),(2291,742,'DK43_slide021_2020_01_23__7986_S0_C1.tif',0,1,29773,44562,NULL,1,'2020-02-28 23:27:06',0),(2292,742,'DK43_slide021_2020_01_23__7986_S0_C2.tif',0,2,29773,44562,NULL,1,'2020-02-28 23:27:06',0),(2293,742,'DK43_slide021_2020_01_23__7986_S1_C0.tif',7,0,24228,44558,NULL,1,'2020-02-28 23:27:06',0),(2294,742,'DK43_slide021_2020_01_23__7986_S1_C1.tif',7,1,24228,44558,NULL,1,'2020-02-28 23:27:06',0),(2295,742,'DK43_slide021_2020_01_23__7986_S1_C2.tif',7,2,24228,44558,NULL,1,'2020-02-28 23:27:06',0),(2296,742,'DK43_slide021_2020_01_23__7986_S2_C0.tif',14,0,26069,42709,NULL,1,'2020-02-28 23:27:06',0),(2297,742,'DK43_slide021_2020_01_23__7986_S2_C1.tif',14,1,26069,42709,NULL,1,'2020-02-28 23:27:06',0),(2298,742,'DK43_slide021_2020_01_23__7986_S2_C2.tif',14,2,26069,42709,NULL,1,'2020-02-28 23:27:06',0),(2299,742,'DK43_slide021_2020_01_23__7986_S3_C0.tif',21,0,26070,42714,NULL,1,'2020-02-28 23:27:06',0),(2300,742,'DK43_slide021_2020_01_23__7986_S3_C1.tif',21,1,26070,42714,NULL,1,'2020-02-28 23:27:06',0),(2301,742,'DK43_slide021_2020_01_23__7986_S3_C2.tif',21,2,26070,42714,NULL,1,'2020-02-28 23:27:06',0),(2302,743,'DK43_slide011_2020_01_23__7979_S0_C0.tif',0,0,24227,35331,NULL,1,'2020-02-28 23:27:14',0),(2303,743,'DK43_slide011_2020_01_23__7979_S0_C1.tif',0,1,24227,35331,NULL,1,'2020-02-28 23:27:14',0),(2304,743,'DK43_slide011_2020_01_23__7979_S0_C2.tif',0,2,24227,35331,NULL,1,'2020-02-28 23:27:14',0),(2305,743,'DK43_slide011_2020_01_23__7979_S1_C0.tif',7,0,24224,37175,NULL,1,'2020-02-28 23:27:14',0),(2306,743,'DK43_slide011_2020_01_23__7979_S1_C1.tif',7,1,24224,37175,NULL,1,'2020-02-28 23:27:14',0),(2307,743,'DK43_slide011_2020_01_23__7979_S1_C2.tif',7,2,24224,37175,NULL,1,'2020-02-28 23:27:14',0),(2308,743,'DK43_slide011_2020_01_23__7979_S2_C0.tif',14,0,24216,35331,NULL,1,'2020-02-28 23:27:14',0),(2309,743,'DK43_slide011_2020_01_23__7979_S2_C1.tif',14,1,24216,35331,NULL,1,'2020-02-28 23:27:14',0),(2310,743,'DK43_slide011_2020_01_23__7979_S2_C2.tif',14,2,24216,35331,NULL,1,'2020-02-28 23:27:14',0),(2311,744,'DK43_slide056_2020_01_23__8020_S0_C0.tif',0,0,29762,50109,NULL,1,'2020-02-28 23:27:27',0),(2312,744,'DK43_slide056_2020_01_23__8020_S0_C1.tif',0,1,29762,50109,NULL,1,'2020-02-28 23:27:27',0),(2313,744,'DK43_slide056_2020_01_23__8020_S0_C2.tif',0,2,29762,50109,NULL,1,'2020-02-28 23:27:27',0),(2314,744,'DK43_slide056_2020_01_23__8020_S1_C0.tif',7,0,29749,48259,NULL,1,'2020-02-28 23:27:27',0),(2315,744,'DK43_slide056_2020_01_23__8020_S1_C1.tif',7,1,29749,48259,NULL,1,'2020-02-28 23:27:27',0),(2316,744,'DK43_slide056_2020_01_23__8020_S1_C2.tif',7,2,29749,48259,NULL,1,'2020-02-28 23:27:27',0),(2317,744,'DK43_slide056_2020_01_23__8020_S2_C0.tif',14,0,27929,48265,NULL,1,'2020-02-28 23:27:27',0),(2318,744,'DK43_slide056_2020_01_23__8020_S2_C1.tif',14,1,27929,48265,NULL,1,'2020-02-28 23:27:27',0),(2319,744,'DK43_slide056_2020_01_23__8020_S2_C2.tif',14,2,27929,48265,NULL,1,'2020-02-28 23:27:27',0),(2320,744,'DK43_slide056_2020_01_23__8020_S3_C0.tif',21,0,29754,48264,NULL,1,'2020-02-28 23:27:27',0),(2321,744,'DK43_slide056_2020_01_23__8020_S3_C1.tif',21,1,29754,48264,NULL,1,'2020-02-28 23:27:27',0),(2322,744,'DK43_slide056_2020_01_23__8020_S3_C2.tif',21,2,29754,48264,NULL,1,'2020-02-28 23:27:27',0),(2323,745,'DK43_slide069_2020_01_23__8037_S0_C0.tif',0,0,24226,35324,NULL,1,'2020-02-28 23:27:38',0),(2324,745,'DK43_slide069_2020_01_23__8037_S0_C1.tif',0,1,24226,35324,NULL,1,'2020-02-28 23:27:38',0),(2325,745,'DK43_slide069_2020_01_23__8037_S0_C2.tif',0,2,24226,35324,NULL,1,'2020-02-28 23:27:38',0),(2326,745,'DK43_slide069_2020_01_23__8037_S1_C0.tif',7,0,24219,37175,NULL,1,'2020-02-28 23:27:38',0),(2327,745,'DK43_slide069_2020_01_23__8037_S1_C1.tif',7,1,24219,37175,NULL,1,'2020-02-28 23:27:38',0),(2328,745,'DK43_slide069_2020_01_23__8037_S1_C2.tif',7,2,24219,37175,NULL,1,'2020-02-28 23:27:38',0),(2329,745,'DK43_slide069_2020_01_23__8037_S2_C0.tif',14,0,24222,37175,NULL,1,'2020-02-28 23:27:38',0),(2330,745,'DK43_slide069_2020_01_23__8037_S2_C1.tif',14,1,24222,37175,NULL,1,'2020-02-28 23:27:38',0),(2331,745,'DK43_slide069_2020_01_23__8037_S2_C2.tif',14,2,24222,37175,NULL,1,'2020-02-28 23:27:38',0),(2332,745,'DK43_slide069_2020_01_23__8037_S3_C0.tif',21,0,26058,35331,NULL,1,'2020-02-28 23:27:38',0),(2333,745,'DK43_slide069_2020_01_23__8037_S3_C1.tif',21,1,26058,35331,NULL,1,'2020-02-28 23:27:38',0),(2334,745,'DK43_slide069_2020_01_23__8037_S3_C2.tif',21,2,26058,35331,NULL,1,'2020-02-28 23:27:38',0),(2335,746,'DK43_slide003_2020_01_27__8083_S0_C0.tif',0,0,15008,24224,NULL,1,'2020-02-28 23:27:45',0),(2336,746,'DK43_slide003_2020_01_27__8083_S0_C1.tif',0,1,15008,24224,NULL,1,'2020-02-28 23:27:45',0),(2337,746,'DK43_slide003_2020_01_27__8083_S0_C2.tif',0,2,15008,24224,NULL,1,'2020-02-28 23:27:45',0),(2338,746,'DK43_slide003_2020_01_27__8083_S1_C0.tif',6,0,14992,24215,NULL,1,'2020-02-28 23:27:45',0),(2339,746,'DK43_slide003_2020_01_27__8083_S1_C1.tif',6,1,14992,24215,NULL,1,'2020-02-28 23:27:45',0),(2340,746,'DK43_slide003_2020_01_27__8083_S1_C2.tif',6,2,14992,24215,NULL,1,'2020-02-28 23:27:45',0),(2341,746,'DK43_slide003_2020_01_27__8083_S2_C0.tif',12,0,14999,22377,NULL,1,'2020-02-28 23:27:45',0),(2342,746,'DK43_slide003_2020_01_27__8083_S2_C1.tif',12,1,14999,22377,NULL,1,'2020-02-28 23:27:45',0),(2343,746,'DK43_slide003_2020_01_27__8083_S2_C2.tif',12,2,14999,22377,NULL,1,'2020-02-28 23:27:45',0),(2344,746,'DK43_slide003_2020_01_27__8083_S3_C0.tif',18,0,16834,26080,NULL,1,'2020-02-28 23:27:45',0),(2345,746,'DK43_slide003_2020_01_27__8083_S3_C1.tif',18,1,16834,26080,NULL,1,'2020-02-28 23:27:45',0),(2346,746,'DK43_slide003_2020_01_27__8083_S3_C2.tif',18,2,16834,26080,NULL,1,'2020-02-28 23:27:45',0),(2347,747,'DK43_slide064_2020_01_23__8028_S0_C0.tif',0,0,26074,44562,NULL,1,'2020-02-28 23:27:57',0),(2348,747,'DK43_slide064_2020_01_23__8028_S0_C1.tif',0,1,26074,44562,NULL,1,'2020-02-28 23:27:57',0),(2349,747,'DK43_slide064_2020_01_23__8028_S0_C2.tif',0,2,26074,44562,NULL,1,'2020-02-28 23:27:57',0),(2350,747,'DK43_slide064_2020_01_23__8028_S1_C0.tif',7,0,26079,40862,NULL,1,'2020-02-28 23:27:57',0),(2351,747,'DK43_slide064_2020_01_23__8028_S1_C1.tif',7,1,26079,40862,NULL,1,'2020-02-28 23:27:57',0),(2352,747,'DK43_slide064_2020_01_23__8028_S1_C2.tif',7,2,26079,40862,NULL,1,'2020-02-28 23:27:57',0),(2353,747,'DK43_slide064_2020_01_23__8028_S2_C0.tif',14,0,24226,40875,NULL,1,'2020-02-28 23:27:57',0),(2354,747,'DK43_slide064_2020_01_23__8028_S2_C1.tif',14,1,24226,40875,NULL,1,'2020-02-28 23:27:57',0),(2355,747,'DK43_slide064_2020_01_23__8028_S2_C2.tif',14,2,24226,40875,NULL,1,'2020-02-28 23:27:57',0),(2356,747,'DK43_slide064_2020_01_23__8028_S3_C0.tif',21,0,26063,39018,NULL,1,'2020-02-28 23:27:57',0),(2357,747,'DK43_slide064_2020_01_23__8028_S3_C1.tif',21,1,26063,39018,NULL,1,'2020-02-28 23:27:57',0),(2358,747,'DK43_slide064_2020_01_23__8028_S3_C2.tif',21,2,26063,39018,NULL,1,'2020-02-28 23:27:57',0),(2359,748,'DK43_slide061_2020_01_23__8025_S0_C0.tif',0,0,26078,44563,NULL,1,'2020-02-28 23:28:10',0),(2360,748,'DK43_slide061_2020_01_23__8025_S0_C1.tif',0,1,26078,44563,NULL,1,'2020-02-28 23:28:10',0),(2361,748,'DK43_slide061_2020_01_23__8025_S0_C2.tif',0,2,26078,44563,NULL,1,'2020-02-28 23:28:10',0),(2362,748,'DK43_slide061_2020_01_23__8025_S1_C0.tif',7,0,27907,42711,NULL,1,'2020-02-28 23:28:10',0),(2363,748,'DK43_slide061_2020_01_23__8025_S1_C1.tif',7,1,27907,42711,NULL,1,'2020-02-28 23:28:10',0),(2364,748,'DK43_slide061_2020_01_23__8025_S1_C2.tif',7,2,27907,42711,NULL,1,'2020-02-28 23:28:10',0),(2365,748,'DK43_slide061_2020_01_23__8025_S2_C0.tif',14,0,26088,44552,NULL,1,'2020-02-28 23:28:10',0),(2366,748,'DK43_slide061_2020_01_23__8025_S2_C1.tif',14,1,26088,44552,NULL,1,'2020-02-28 23:28:10',0),(2367,748,'DK43_slide061_2020_01_23__8025_S2_C2.tif',14,2,26088,44552,NULL,1,'2020-02-28 23:28:10',0),(2368,748,'DK43_slide061_2020_01_23__8025_S3_C0.tif',21,0,27894,44571,NULL,1,'2020-02-28 23:28:10',0),(2369,748,'DK43_slide061_2020_01_23__8025_S3_C1.tif',21,1,27894,44571,NULL,1,'2020-02-28 23:28:10',0),(2370,748,'DK43_slide061_2020_01_23__8025_S3_C2.tif',21,2,27894,44571,NULL,1,'2020-02-28 23:28:10',0),(2371,749,'DK43_slide094_2020_01_25__8062_S0_C0.tif',0,0,14978,18682,NULL,1,'2020-02-28 23:28:16',0),(2372,749,'DK43_slide094_2020_01_25__8062_S0_C1.tif',0,1,14978,18682,NULL,1,'2020-02-28 23:28:16',0),(2373,749,'DK43_slide094_2020_01_25__8062_S0_C2.tif',0,2,14978,18682,NULL,1,'2020-02-28 23:28:16',0),(2374,749,'DK43_slide094_2020_01_25__8062_S1_C0.tif',6,0,16836,16832,NULL,1,'2020-02-28 23:28:16',0),(2375,749,'DK43_slide094_2020_01_25__8062_S1_C1.tif',6,1,16836,16832,NULL,1,'2020-02-28 23:28:16',0),(2376,749,'DK43_slide094_2020_01_25__8062_S1_C2.tif',6,2,16836,16832,NULL,1,'2020-02-28 23:28:16',0),(2377,749,'DK43_slide094_2020_01_25__8062_S2_C0.tif',12,0,14973,16825,NULL,1,'2020-02-28 23:28:16',0),(2378,749,'DK43_slide094_2020_01_25__8062_S2_C1.tif',12,1,14973,16825,NULL,1,'2020-02-28 23:28:16',0),(2379,749,'DK43_slide094_2020_01_25__8062_S2_C2.tif',12,2,14973,16825,NULL,1,'2020-02-28 23:28:16',0),(2380,749,'DK43_slide094_2020_01_25__8062_S3_C0.tif',18,0,14972,14971,NULL,1,'2020-02-28 23:28:16',0),(2381,749,'DK43_slide094_2020_01_25__8062_S3_C1.tif',18,1,14972,14971,NULL,1,'2020-02-28 23:28:16',0),(2382,749,'DK43_slide094_2020_01_25__8062_S3_C2.tif',18,2,14972,14971,NULL,1,'2020-02-28 23:28:16',0),(2383,750,'DK43_slide080_2020_01_31__8119_S0_C0.tif',0,0,20534,31621,NULL,1,'2020-02-28 23:28:46',0),(2384,750,'DK43_slide080_2020_01_31__8119_S0_C1.tif',0,1,20534,31621,NULL,1,'2020-02-28 23:28:46',0),(2385,750,'DK43_slide080_2020_01_31__8119_S0_C2.tif',0,2,20534,31621,NULL,1,'2020-02-28 23:28:46',0),(2386,750,'DK43_slide080_2020_01_31__8119_S1_C0.tif',6,0,22378,29774,NULL,1,'2020-02-28 23:28:46',0),(2387,750,'DK43_slide080_2020_01_31__8119_S1_C1.tif',6,1,22378,29774,NULL,1,'2020-02-28 23:28:46',0),(2388,750,'DK43_slide080_2020_01_31__8119_S1_C2.tif',6,2,22378,29774,NULL,1,'2020-02-28 23:28:46',0),(2389,750,'DK43_slide080_2020_01_31__8119_S2_C0.tif',12,0,20534,29777,NULL,1,'2020-02-28 23:28:46',0),(2390,750,'DK43_slide080_2020_01_31__8119_S2_C1.tif',12,1,20534,29777,NULL,1,'2020-02-28 23:28:46',0),(2391,750,'DK43_slide080_2020_01_31__8119_S2_C2.tif',12,2,20534,29777,NULL,1,'2020-02-28 23:28:46',0),(2392,750,'DK43_slide080_2020_01_31__8119_S3_C0.tif',18,0,20527,29775,NULL,1,'2020-02-28 23:28:46',0),(2393,750,'DK43_slide080_2020_01_31__8119_S3_C1.tif',18,1,20527,29775,NULL,1,'2020-02-28 23:28:46',0),(2394,750,'DK43_slide080_2020_01_31__8119_S3_C2.tif',18,2,20527,29775,NULL,1,'2020-02-28 23:28:46',0),(2395,751,'DK43_slide010_2020_01_27__8090_S0_C0.tif',0,0,24213,33477,NULL,1,'2020-02-28 23:28:59',0),(2396,751,'DK43_slide010_2020_01_27__8090_S0_C1.tif',0,1,24213,33477,NULL,1,'2020-02-28 23:28:59',0),(2397,751,'DK43_slide010_2020_01_27__8090_S0_C2.tif',0,2,24213,33477,NULL,1,'2020-02-28 23:28:59',0),(2398,751,'DK43_slide010_2020_01_27__8090_S1_C0.tif',7,0,24222,33457,NULL,1,'2020-02-28 23:28:59',0),(2399,751,'DK43_slide010_2020_01_27__8090_S1_C1.tif',7,1,24222,33457,NULL,1,'2020-02-28 23:28:59',0),(2400,751,'DK43_slide010_2020_01_27__8090_S1_C2.tif',7,2,24222,33457,NULL,1,'2020-02-28 23:28:59',0),(2401,751,'DK43_slide010_2020_01_27__8090_S2_C0.tif',14,0,24219,33458,NULL,1,'2020-02-28 23:28:59',0),(2402,751,'DK43_slide010_2020_01_27__8090_S2_C1.tif',14,1,24219,33458,NULL,1,'2020-02-28 23:28:59',0),(2403,751,'DK43_slide010_2020_01_27__8090_S2_C2.tif',14,2,24219,33458,NULL,1,'2020-02-28 23:28:59',0),(2404,751,'DK43_slide010_2020_01_27__8090_S3_C0.tif',21,0,26052,35308,NULL,1,'2020-02-28 23:28:59',0),(2405,751,'DK43_slide010_2020_01_27__8090_S3_C1.tif',21,1,26052,35308,NULL,1,'2020-02-28 23:28:59',0),(2406,751,'DK43_slide010_2020_01_27__8090_S3_C2.tif',21,2,26052,35308,NULL,1,'2020-02-28 23:28:59',0),(2407,752,'DK43_slide028_2020_01_23__7992_S0_C0.tif',0,0,24216,44565,NULL,1,'2020-02-28 23:29:12',0),(2408,752,'DK43_slide028_2020_01_23__7992_S0_C1.tif',0,1,24216,44565,NULL,1,'2020-02-28 23:29:12',0),(2409,752,'DK43_slide028_2020_01_23__7992_S0_C2.tif',0,2,24216,44565,NULL,1,'2020-02-28 23:29:12',0),(2410,752,'DK43_slide028_2020_01_23__7992_S1_C0.tif',7,0,24210,48258,NULL,1,'2020-02-28 23:29:12',0),(2411,752,'DK43_slide028_2020_01_23__7992_S1_C1.tif',7,1,24210,48258,NULL,1,'2020-02-28 23:29:12',0),(2412,752,'DK43_slide028_2020_01_23__7992_S1_C2.tif',7,2,24210,48258,NULL,1,'2020-02-28 23:29:12',0),(2413,752,'DK43_slide028_2020_01_23__7992_S2_C0.tif',14,0,24213,46407,NULL,1,'2020-02-28 23:29:12',0),(2414,752,'DK43_slide028_2020_01_23__7992_S2_C1.tif',14,1,24213,46407,NULL,1,'2020-02-28 23:29:12',0),(2415,752,'DK43_slide028_2020_01_23__7992_S2_C2.tif',14,2,24213,46407,NULL,1,'2020-02-28 23:29:12',0),(2416,752,'DK43_slide028_2020_01_23__7992_S3_C0.tif',21,0,24217,46409,NULL,1,'2020-02-28 23:29:12',0),(2417,752,'DK43_slide028_2020_01_23__7992_S3_C1.tif',21,1,24217,46409,NULL,1,'2020-02-28 23:29:12',0),(2418,752,'DK43_slide028_2020_01_23__7992_S3_C2.tif',21,2,24217,46409,NULL,1,'2020-02-28 23:29:12',0),(2419,753,'DK43_slide057_2020_01_23__8021_S0_C0.tif',0,0,27928,48259,NULL,1,'2020-02-28 23:29:24',0),(2420,753,'DK43_slide057_2020_01_23__8021_S0_C1.tif',0,1,27928,48259,NULL,1,'2020-02-28 23:29:24',0),(2421,753,'DK43_slide057_2020_01_23__8021_S0_C2.tif',0,2,27928,48259,NULL,1,'2020-02-28 23:29:24',0),(2422,753,'DK43_slide057_2020_01_23__8021_S1_C0.tif',7,0,27914,46411,NULL,1,'2020-02-28 23:29:24',0),(2423,753,'DK43_slide057_2020_01_23__8021_S1_C1.tif',7,1,27914,46411,NULL,1,'2020-02-28 23:29:24',0),(2424,753,'DK43_slide057_2020_01_23__8021_S1_C2.tif',7,2,27914,46411,NULL,1,'2020-02-28 23:29:24',0),(2425,753,'DK43_slide057_2020_01_23__8021_S2_C0.tif',14,0,27913,48261,NULL,1,'2020-02-28 23:29:24',0),(2426,753,'DK43_slide057_2020_01_23__8021_S2_C1.tif',14,1,27913,48261,NULL,1,'2020-02-28 23:29:24',0),(2427,753,'DK43_slide057_2020_01_23__8021_S2_C2.tif',14,2,27913,48261,NULL,1,'2020-02-28 23:29:24',0),(2428,754,'DK43_slide060_2020_01_23__8024_S0_C0.tif',0,0,27930,46416,NULL,1,'2020-02-28 23:29:37',0),(2429,754,'DK43_slide060_2020_01_23__8024_S0_C1.tif',0,1,27930,46416,NULL,1,'2020-02-28 23:29:37',0),(2430,754,'DK43_slide060_2020_01_23__8024_S0_C2.tif',0,2,27930,46416,NULL,1,'2020-02-28 23:29:37',0),(2431,754,'DK43_slide060_2020_01_23__8024_S1_C0.tif',7,0,27912,44555,NULL,1,'2020-02-28 23:29:37',0),(2432,754,'DK43_slide060_2020_01_23__8024_S1_C1.tif',7,1,27912,44555,NULL,1,'2020-02-28 23:29:37',0),(2433,754,'DK43_slide060_2020_01_23__8024_S1_C2.tif',7,2,27912,44555,NULL,1,'2020-02-28 23:29:37',0),(2434,754,'DK43_slide060_2020_01_23__8024_S2_C0.tif',14,0,27918,44558,NULL,1,'2020-02-28 23:29:37',0),(2435,754,'DK43_slide060_2020_01_23__8024_S2_C1.tif',14,1,27918,44558,NULL,1,'2020-02-28 23:29:37',0),(2436,754,'DK43_slide060_2020_01_23__8024_S2_C2.tif',14,2,27918,44558,NULL,1,'2020-02-28 23:29:37',0),(2437,754,'DK43_slide060_2020_01_23__8024_S3_C0.tif',21,0,26063,44555,NULL,1,'2020-02-28 23:29:37',0),(2438,754,'DK43_slide060_2020_01_23__8024_S3_C1.tif',21,1,26063,44555,NULL,1,'2020-02-28 23:29:37',0),(2439,754,'DK43_slide060_2020_01_23__8024_S3_C2.tif',21,2,26063,44555,NULL,1,'2020-02-28 23:29:37',0),(2440,755,'DK43_slide065_2020_01_23__8029_S0_C0.tif',0,0,26079,42717,NULL,1,'2020-02-28 23:29:48',0),(2441,755,'DK43_slide065_2020_01_23__8029_S0_C1.tif',0,1,26079,42717,NULL,1,'2020-02-28 23:29:48',0),(2442,755,'DK43_slide065_2020_01_23__8029_S0_C2.tif',0,2,26079,42717,NULL,1,'2020-02-28 23:29:48',0),(2443,755,'DK43_slide065_2020_01_23__8029_S1_C0.tif',7,0,26067,40867,NULL,1,'2020-02-28 23:29:48',0),(2444,755,'DK43_slide065_2020_01_23__8029_S1_C1.tif',7,1,26067,40867,NULL,1,'2020-02-28 23:29:48',0),(2445,755,'DK43_slide065_2020_01_23__8029_S1_C2.tif',7,2,26067,40867,NULL,1,'2020-02-28 23:29:48',0),(2446,755,'DK43_slide065_2020_01_23__8029_S2_C0.tif',14,0,26072,40870,NULL,1,'2020-02-28 23:29:48',0),(2447,755,'DK43_slide065_2020_01_23__8029_S2_C1.tif',14,1,26072,40870,NULL,1,'2020-02-28 23:29:48',0),(2448,755,'DK43_slide065_2020_01_23__8029_S2_C2.tif',14,2,26072,40870,NULL,1,'2020-02-28 23:29:48',0),(2449,755,'DK43_slide065_2020_01_23__8029_S3_C0.tif',21,0,24220,40869,NULL,1,'2020-02-28 23:29:48',0),(2450,755,'DK43_slide065_2020_01_23__8029_S3_C1.tif',21,1,24220,40869,NULL,1,'2020-02-28 23:29:48',0),(2451,755,'DK43_slide065_2020_01_23__8029_S3_C2.tif',21,2,24220,40869,NULL,1,'2020-02-28 23:29:48',0),(2452,756,'DK43_slide002_2020_01_27__8082_S0_C0.tif',0,0,14979,20531,NULL,1,'2020-02-28 23:29:54',0),(2453,756,'DK43_slide002_2020_01_27__8082_S0_C1.tif',0,1,14979,20531,NULL,1,'2020-02-28 23:29:54',0),(2454,756,'DK43_slide002_2020_01_27__8082_S0_C2.tif',0,2,14979,20531,NULL,1,'2020-02-28 23:29:54',0),(2455,756,'DK43_slide002_2020_01_27__8082_S1_C0.tif',6,0,13139,20527,NULL,1,'2020-02-28 23:29:54',0),(2456,756,'DK43_slide002_2020_01_27__8082_S1_C1.tif',6,1,13139,20527,NULL,1,'2020-02-28 23:29:54',0),(2457,756,'DK43_slide002_2020_01_27__8082_S1_C2.tif',6,2,13139,20527,NULL,1,'2020-02-28 23:29:54',0),(2458,756,'DK43_slide002_2020_01_27__8082_S2_C0.tif',12,0,13136,22377,NULL,1,'2020-02-28 23:29:54',0),(2459,756,'DK43_slide002_2020_01_27__8082_S2_C1.tif',12,1,13136,22377,NULL,1,'2020-02-28 23:29:54',0),(2460,756,'DK43_slide002_2020_01_27__8082_S2_C2.tif',12,2,13136,22377,NULL,1,'2020-02-28 23:29:54',0),(2461,756,'DK43_slide002_2020_01_27__8082_S3_C0.tif',18,0,14919,24001,NULL,1,'2020-02-28 23:29:54',0),(2462,756,'DK43_slide002_2020_01_27__8082_S3_C1.tif',18,1,14919,24001,NULL,1,'2020-02-28 23:29:54',0),(2463,756,'DK43_slide002_2020_01_27__8082_S3_C2.tif',18,2,14919,24001,NULL,1,'2020-02-28 23:29:54',0),(2464,757,'DK43_slide068_2020_01_23__8036_S0_C0.tif',0,0,22380,37176,NULL,1,'2020-02-28 23:30:04',0),(2465,757,'DK43_slide068_2020_01_23__8036_S0_C1.tif',0,1,22380,37176,NULL,1,'2020-02-28 23:30:04',0),(2466,757,'DK43_slide068_2020_01_23__8036_S0_C2.tif',0,2,22380,37176,NULL,1,'2020-02-28 23:30:04',0),(2467,757,'DK43_slide068_2020_01_23__8036_S1_C0.tif',7,0,24227,37171,NULL,1,'2020-02-28 23:30:04',0),(2468,757,'DK43_slide068_2020_01_23__8036_S1_C1.tif',7,1,24227,37171,NULL,1,'2020-02-28 23:30:04',0),(2469,757,'DK43_slide068_2020_01_23__8036_S1_C2.tif',7,2,24227,37171,NULL,1,'2020-02-28 23:30:04',0),(2470,757,'DK43_slide068_2020_01_23__8036_S2_C0.tif',14,0,24221,39014,NULL,1,'2020-02-28 23:30:04',0),(2471,757,'DK43_slide068_2020_01_23__8036_S2_C1.tif',14,1,24221,39014,NULL,1,'2020-02-28 23:30:04',0),(2472,757,'DK43_slide068_2020_01_23__8036_S2_C2.tif',14,2,24221,39014,NULL,1,'2020-02-28 23:30:04',0),(2473,757,'DK43_slide068_2020_01_23__8036_S3_C0.tif',21,0,24210,37171,NULL,1,'2020-02-28 23:30:04',0),(2474,757,'DK43_slide068_2020_01_23__8036_S3_C1.tif',21,1,24210,37171,NULL,1,'2020-02-28 23:30:04',0),(2475,757,'DK43_slide068_2020_01_23__8036_S3_C2.tif',21,2,24210,37171,NULL,1,'2020-02-28 23:30:04',0),(2476,758,'DK43_slide087_2020_01_25__8055_S0_C0.tif',0,0,18683,27921,NULL,1,'2020-02-28 23:30:11',0),(2477,758,'DK43_slide087_2020_01_25__8055_S0_C1.tif',0,1,18683,27921,NULL,1,'2020-02-28 23:30:11',0),(2478,758,'DK43_slide087_2020_01_25__8055_S0_C2.tif',0,2,18683,27921,NULL,1,'2020-02-28 23:30:11',0),(2479,758,'DK43_slide087_2020_01_25__8055_S1_C0.tif',6,0,18684,24226,NULL,1,'2020-02-28 23:30:11',0),(2480,758,'DK43_slide087_2020_01_25__8055_S1_C1.tif',6,1,18684,24226,NULL,1,'2020-02-28 23:30:11',0),(2481,758,'DK43_slide087_2020_01_25__8055_S1_C2.tif',6,2,18684,24226,NULL,1,'2020-02-28 23:30:11',0),(2482,758,'DK43_slide087_2020_01_25__8055_S2_C0.tif',12,0,18677,26070,NULL,1,'2020-02-28 23:30:11',0),(2483,758,'DK43_slide087_2020_01_25__8055_S2_C1.tif',12,1,18677,26070,NULL,1,'2020-02-28 23:30:11',0),(2484,758,'DK43_slide087_2020_01_25__8055_S2_C2.tif',12,2,18677,26070,NULL,1,'2020-02-28 23:30:11',0),(2485,758,'DK43_slide087_2020_01_25__8055_S3_C0.tif',18,0,18672,24223,NULL,1,'2020-02-28 23:30:11',0),(2486,758,'DK43_slide087_2020_01_25__8055_S3_C1.tif',18,1,18672,24223,NULL,1,'2020-02-28 23:30:11',0),(2487,758,'DK43_slide087_2020_01_25__8055_S3_C2.tif',18,2,18672,24223,NULL,1,'2020-02-28 23:30:11',0),(2488,759,'DK43_slide049_2020_01_31__8112_S0_C0.tif',0,0,27908,53805,NULL,1,'2020-02-28 23:30:41',0),(2489,759,'DK43_slide049_2020_01_31__8112_S0_C1.tif',0,1,27908,53805,NULL,1,'2020-02-28 23:30:41',0),(2490,759,'DK43_slide049_2020_01_31__8112_S0_C2.tif',0,2,27908,53805,NULL,1,'2020-02-28 23:30:41',0),(2491,759,'DK43_slide049_2020_01_31__8112_S1_C0.tif',7,0,29758,51948,NULL,1,'2020-02-28 23:30:41',0),(2492,759,'DK43_slide049_2020_01_31__8112_S1_C1.tif',7,1,29758,51948,NULL,1,'2020-02-28 23:30:41',0),(2493,759,'DK43_slide049_2020_01_31__8112_S1_C2.tif',7,2,29758,51948,NULL,1,'2020-02-28 23:30:41',0),(2494,759,'DK43_slide049_2020_01_31__8112_S2_C0.tif',14,0,26074,50113,NULL,1,'2020-02-28 23:30:41',0),(2495,759,'DK43_slide049_2020_01_31__8112_S2_C1.tif',14,1,26074,50113,NULL,1,'2020-02-28 23:30:41',0),(2496,759,'DK43_slide049_2020_01_31__8112_S2_C2.tif',14,2,26074,50113,NULL,1,'2020-02-28 23:30:41',0),(2497,759,'DK43_slide049_2020_01_31__8112_S3_C0.tif',21,0,26055,51953,NULL,1,'2020-02-28 23:30:41',0),(2498,759,'DK43_slide049_2020_01_31__8112_S3_C1.tif',21,1,26055,51953,NULL,1,'2020-02-28 23:30:41',0),(2499,759,'DK43_slide049_2020_01_31__8112_S3_C2.tif',21,2,26055,51953,NULL,1,'2020-02-28 23:30:41',0),(2500,760,'DK43_slide063_2020_01_23__8027_S0_C0.tif',0,0,24247,44569,NULL,1,'2020-02-28 23:31:00',0),(2501,760,'DK43_slide063_2020_01_23__8027_S0_C1.tif',0,1,24247,44569,NULL,1,'2020-02-28 23:31:00',0),(2502,760,'DK43_slide063_2020_01_23__8027_S0_C2.tif',0,2,24247,44569,NULL,1,'2020-02-28 23:31:00',0),(2503,760,'DK43_slide063_2020_01_23__8027_S1_C0.tif',7,0,27932,44565,NULL,1,'2020-02-28 23:31:00',0),(2504,760,'DK43_slide063_2020_01_23__8027_S1_C1.tif',7,1,27932,44565,NULL,1,'2020-02-28 23:31:00',0),(2505,760,'DK43_slide063_2020_01_23__8027_S1_C2.tif',7,2,27932,44565,NULL,1,'2020-02-28 23:31:00',0),(2506,760,'DK43_slide063_2020_01_23__8027_S2_C0.tif',14,0,26074,42719,NULL,1,'2020-02-28 23:31:00',0),(2507,760,'DK43_slide063_2020_01_23__8027_S2_C1.tif',14,1,26074,42719,NULL,1,'2020-02-28 23:31:00',0),(2508,760,'DK43_slide063_2020_01_23__8027_S2_C2.tif',14,2,26074,42719,NULL,1,'2020-02-28 23:31:00',0),(2509,760,'DK43_slide063_2020_01_23__8027_S3_C0.tif',21,0,26070,42713,NULL,1,'2020-02-28 23:31:00',0),(2510,760,'DK43_slide063_2020_01_23__8027_S3_C1.tif',21,1,26070,42713,NULL,1,'2020-02-28 23:31:00',0),(2511,760,'DK43_slide063_2020_01_23__8027_S3_C2.tif',21,2,26070,42713,NULL,1,'2020-02-28 23:31:00',0),(2512,761,'DK43_slide001_2020_01_27__8081_S0_C0.tif',0,0,13140,16836,NULL,1,'2020-02-28 23:31:07',0),(2513,761,'DK43_slide001_2020_01_27__8081_S0_C1.tif',0,1,13140,16836,NULL,1,'2020-02-28 23:31:07',0),(2514,761,'DK43_slide001_2020_01_27__8081_S0_C2.tif',0,2,13140,16836,NULL,1,'2020-02-28 23:31:07',0),(2515,761,'DK43_slide001_2020_01_27__8081_S1_C0.tif',6,0,13140,18682,NULL,1,'2020-02-28 23:31:07',0),(2516,761,'DK43_slide001_2020_01_27__8081_S1_C1.tif',6,1,13140,18682,NULL,1,'2020-02-28 23:31:07',0),(2517,761,'DK43_slide001_2020_01_27__8081_S1_C2.tif',6,2,13140,18682,NULL,1,'2020-02-28 23:31:07',0),(2518,761,'DK43_slide001_2020_01_27__8081_S2_C0.tif',12,0,11280,18680,NULL,1,'2020-02-28 23:31:07',0),(2519,761,'DK43_slide001_2020_01_27__8081_S2_C1.tif',12,1,11280,18680,NULL,1,'2020-02-28 23:31:07',0),(2520,761,'DK43_slide001_2020_01_27__8081_S2_C2.tif',12,2,11280,18680,NULL,1,'2020-02-28 23:31:07',0),(2521,761,'DK43_slide001_2020_01_27__8081_S3_C0.tif',18,0,13123,20542,NULL,1,'2020-02-28 23:31:07',0),(2522,761,'DK43_slide001_2020_01_27__8081_S3_C1.tif',18,1,13123,20542,NULL,1,'2020-02-28 23:31:07',0),(2523,761,'DK43_slide001_2020_01_27__8081_S3_C2.tif',18,2,13123,20542,NULL,1,'2020-02-28 23:31:07',0),(2524,762,'DK43_slide086_2020_01_25__8054_S0_C0.tif',0,0,18678,27912,NULL,1,'2020-02-28 23:31:14',0),(2525,762,'DK43_slide086_2020_01_25__8054_S0_C1.tif',0,1,18678,27912,NULL,1,'2020-02-28 23:31:14',0),(2526,762,'DK43_slide086_2020_01_25__8054_S0_C2.tif',0,2,18678,27912,NULL,1,'2020-02-28 23:31:14',0),(2527,762,'DK43_slide086_2020_01_25__8054_S1_C0.tif',6,0,18675,26069,NULL,1,'2020-02-28 23:31:14',0),(2528,762,'DK43_slide086_2020_01_25__8054_S1_C1.tif',6,1,18675,26069,NULL,1,'2020-02-28 23:31:14',0),(2529,762,'DK43_slide086_2020_01_25__8054_S1_C2.tif',6,2,18675,26069,NULL,1,'2020-02-28 23:31:14',0),(2530,762,'DK43_slide086_2020_01_25__8054_S2_C0.tif',12,0,18687,26072,NULL,1,'2020-02-28 23:31:14',0),(2531,762,'DK43_slide086_2020_01_25__8054_S2_C1.tif',12,1,18687,26072,NULL,1,'2020-02-28 23:31:14',0),(2532,762,'DK43_slide086_2020_01_25__8054_S2_C2.tif',12,2,18687,26072,NULL,1,'2020-02-28 23:31:14',0),(2533,762,'DK43_slide086_2020_01_25__8054_S3_C0.tif',18,0,18708,27916,NULL,1,'2020-02-28 23:31:14',0),(2534,762,'DK43_slide086_2020_01_25__8054_S3_C1.tif',18,1,18708,27916,NULL,1,'2020-02-28 23:31:14',0),(2535,762,'DK43_slide086_2020_01_25__8054_S3_C2.tif',18,2,18708,27916,NULL,1,'2020-02-28 23:31:14',0),(2536,763,'DK43_slide062_2020_01_23__8026_S0_C0.tif',0,0,27920,44564,NULL,1,'2020-02-28 23:31:25',0),(2537,763,'DK43_slide062_2020_01_23__8026_S0_C1.tif',0,1,27920,44564,NULL,1,'2020-02-28 23:31:25',0),(2538,763,'DK43_slide062_2020_01_23__8026_S0_C2.tif',0,2,27920,44564,NULL,1,'2020-02-28 23:31:25',0),(2539,763,'DK43_slide062_2020_01_23__8026_S1_C0.tif',7,0,26062,44558,NULL,1,'2020-02-28 23:31:25',0),(2540,763,'DK43_slide062_2020_01_23__8026_S1_C1.tif',7,1,26062,44558,NULL,1,'2020-02-28 23:31:25',0),(2541,763,'DK43_slide062_2020_01_23__8026_S1_C2.tif',7,2,26062,44558,NULL,1,'2020-02-28 23:31:25',0),(2542,763,'DK43_slide062_2020_01_23__8026_S2_C0.tif',14,0,27898,44561,NULL,1,'2020-02-28 23:31:25',0),(2543,763,'DK43_slide062_2020_01_23__8026_S2_C1.tif',14,1,27898,44561,NULL,1,'2020-02-28 23:31:25',0),(2544,763,'DK43_slide062_2020_01_23__8026_S2_C2.tif',14,2,27898,44561,NULL,1,'2020-02-28 23:31:25',0),(2545,763,'DK43_slide062_2020_01_23__8026_S3_C0.tif',21,0,27903,42715,NULL,1,'2020-02-28 23:31:25',0),(2546,763,'DK43_slide062_2020_01_23__8026_S3_C1.tif',21,1,27903,42715,NULL,1,'2020-02-28 23:31:25',0),(2547,763,'DK43_slide062_2020_01_23__8026_S3_C2.tif',21,2,27903,42715,NULL,1,'2020-02-28 23:31:25',0),(2548,764,'DK43_slide097_2020_01_31__8122_S0_C0.tif',0,0,14990,14980,NULL,1,'2020-02-28 23:31:32',0),(2549,764,'DK43_slide097_2020_01_31__8122_S0_C1.tif',0,1,14990,14980,NULL,1,'2020-02-28 23:31:32',0),(2550,764,'DK43_slide097_2020_01_31__8122_S0_C2.tif',0,2,14990,14980,NULL,1,'2020-02-28 23:31:32',0),(2551,764,'DK43_slide097_2020_01_31__8122_S1_C0.tif',5,0,14979,16812,NULL,1,'2020-02-28 23:31:32',0),(2552,764,'DK43_slide097_2020_01_31__8122_S1_C1.tif',5,1,14979,16812,NULL,1,'2020-02-28 23:31:32',0),(2553,764,'DK43_slide097_2020_01_31__8122_S1_C2.tif',5,2,14979,16812,NULL,1,'2020-02-28 23:31:32',0),(2554,764,'DK43_slide097_2020_01_31__8122_S2_C0.tif',11,0,14984,16825,NULL,1,'2020-02-28 23:31:32',0),(2555,764,'DK43_slide097_2020_01_31__8122_S2_C1.tif',11,1,14984,16825,NULL,1,'2020-02-28 23:31:32',0),(2556,764,'DK43_slide097_2020_01_31__8122_S2_C2.tif',11,2,14984,16825,NULL,1,'2020-02-28 23:31:32',0),(2557,764,'DK43_slide097_2020_01_31__8122_S3_C0.tif',17,0,13136,14996,NULL,1,'2020-02-28 23:31:32',0),(2558,764,'DK43_slide097_2020_01_31__8122_S3_C1.tif',17,1,13136,14996,NULL,1,'2020-02-28 23:31:32',0),(2559,764,'DK43_slide097_2020_01_31__8122_S3_C2.tif',17,2,13136,14996,NULL,1,'2020-02-28 23:31:32',0);
/*!40000 ALTER TABLE `slide_czi_to_tif` ENABLE KEYS */;
UNLOCK TABLES;

--
-- Table structure for table `virus`
--

DROP TABLE IF EXISTS `virus`;
/*!40101 SET @saved_cs_client     = @@character_set_client */;
/*!40101 SET character_set_client = utf8 */;
CREATE TABLE `virus` (
  `id` int(11) NOT NULL AUTO_INCREMENT,
  `virus_name` varchar(50) NOT NULL,
  `virus_type` enum('Adenovirus','AAV','CAV','DG rabies','G-pseudo-Lenti','Herpes','Lenti','N2C rabies','Sinbis') DEFAULT NULL,
  `virus_active` enum('yes','no') DEFAULT NULL,
  `type_details` varchar(500) DEFAULT NULL,
  `titer` float NOT NULL DEFAULT '0' COMMENT '(particles/ml) if applicable',
  `lot_number` varchar(20) DEFAULT NULL,
  `label` enum('YFP','GFP','RFP','histo-tag') DEFAULT NULL,
  `label2` varchar(200) DEFAULT NULL,
  `excitation_1p_wavelength` int(11) NOT NULL DEFAULT '0' COMMENT '(nm) if applicable',
  `excitation_1p_range` int(11) NOT NULL DEFAULT '0' COMMENT '(nm) if applicable',
  `excitation_2p_wavelength` int(11) NOT NULL DEFAULT '0' COMMENT '(nm) if applicable',
  `excitation_2p_range` int(11) NOT NULL DEFAULT '0' COMMENT '(nm) if applicable',
  `lp_dichroic_cut` int(11) NOT NULL DEFAULT '0' COMMENT '(nm) if applicable',
  `emission_wavelength` int(11) NOT NULL DEFAULT '0' COMMENT '(nm) if applicable',
  `emission_range` int(11) NOT NULL DEFAULT '0' COMMENT '(nm) if applicable0',
  `virus_source` enum('Adgene','Salk','Penn','UNC') DEFAULT NULL,
  `source_details` varchar(100) DEFAULT NULL,
  `comments` varchar(2000) DEFAULT NULL COMMENT 'assessment',
  `created` timestamp NOT NULL DEFAULT CURRENT_TIMESTAMP,
  `active` tinyint(4) NOT NULL DEFAULT '1',
  PRIMARY KEY (`id`)
) ENGINE=InnoDB AUTO_INCREMENT=6 DEFAULT CHARSET=latin1;
/*!40101 SET character_set_client = @saved_cs_client */;

--
-- Dumping data for table `virus`
--

LOCK TABLES `virus` WRITE;
/*!40000 ALTER TABLE `virus` DISABLE KEYS */;
INSERT INTO `virus` VALUES (1,'AAV2/8-CAG-Flex-oG','AAV',NULL,'Helper',0,NULL,NULL,NULL,0,0,0,0,0,0,0,NULL,NULL,'Plasmid sourced from Addgene (#74292) and prepared in Duke. This is mixed with the virus in line 2 for a 1:1 mixture that is used','2020-02-19 05:44:59',1),(2,'AAV2/8-CAG-Flex-TVA-mcherry','AAV',NULL,'Helper',0,NULL,'RFP',NULL,0,0,0,0,0,0,0,NULL,NULL,'Plasmid sourced from Addgene (#48332) and prepared in Duke. This is mixed with the virus in line 3 for a 1:1 mixture that is used','2020-02-19 05:44:59',1),(3,'AAV2retro-CAG-cre','AAV',NULL,'AAV retro',3,NULL,NULL,NULL,0,0,0,0,0,0,0,NULL,NULL,'Sourced from Harvard Virus core','2020-02-19 05:44:59',1),(4,'CANE-dG-GFP','DG rabies',NULL,'RV',0,NULL,'GFP',NULL,0,0,0,0,0,0,0,NULL,NULL,NULL,'2020-02-19 05:44:59',1),(5,'TEST','Adenovirus',NULL,'TEST',0,NULL,'YFP',NULL,1,2,3,4,5,6,7,'Adgene',NULL,NULL,'2020-02-27 23:15:06',1);
/*!40000 ALTER TABLE `virus` ENABLE KEYS */;
UNLOCK TABLES;



--
-- Table structure for table `schedule`
--

DROP TABLE IF EXISTS `schedule`;
/*!40101 SET @saved_cs_client     = @@character_set_client */;
/*!40101 SET character_set_client = utf8 */;
CREATE TABLE `schedule` (
  `id` int(11) NOT NULL AUTO_INCREMENT,
  `prep_id` varchar(20) NOT NULL,
  `day` date not null,
  `notes` text not null,
  `created` timestamp NOT NULL DEFAULT CURRENT_TIMESTAMP,
  `active` tinyint(4) NOT NULL DEFAULT '1',
  PRIMARY KEY (`id`),
  KEY `K__schedule_prep_id` (`prep_id`),
  CONSTRAINT `FK__schedule_prep_id` FOREIGN KEY (`prep_id`) REFERENCES `animal` (`prep_id`) ON UPDATE CASCADE
) ENGINE=InnoDB DEFAULT CHARSET=latin1;
/*!40101 SET character_set_client = @saved_cs_client */;




/*!40103 SET TIME_ZONE=@OLD_TIME_ZONE */;

/*!40101 SET SQL_MODE=@OLD_SQL_MODE */;
/*!40014 SET FOREIGN_KEY_CHECKS=@OLD_FOREIGN_KEY_CHECKS */;
/*!40014 SET UNIQUE_CHECKS=@OLD_UNIQUE_CHECKS */;
/*!40101 SET CHARACTER_SET_CLIENT=@OLD_CHARACTER_SET_CLIENT */;
/*!40101 SET CHARACTER_SET_RESULTS=@OLD_CHARACTER_SET_RESULTS */;
/*!40101 SET COLLATION_CONNECTION=@OLD_COLLATION_CONNECTION */;
/*!40111 SET SQL_NOTES=@OLD_SQL_NOTES */;

-- Dump completed on 2020-03-01  9:12:42
